{
	"name": "Quiz 1 Event",
	"events": [
		{
			"eventType": "variable",
			"name": "timer",
			"type": "number",
			"initialValue": "30",
			"comment": "",
			"isStatic": false,
			"isConstant": false,
			"sid": 627840145855576
		},
		{
			"eventType": "block",
			"conditions": [
				{
					"id": "every-x-seconds",
					"objectClass": "System",
					"sid": 527579630818097,
					"parameters": {
						"interval-seconds": "1.0"
					}
				}
			],
			"actions": [
				{
					"id": "set-text",
					"objectClass": "timer",
					"sid": 317207132419180,
					"parameters": {
						"text": "\"Timer : \"&timer"
					}
				},
				{
					"id": "subtract-from-eventvar",
					"objectClass": "System",
					"sid": 389633748419031,
					"parameters": {
						"variable": "timer",
						"value": "1"
					}
				}
			],
			"sid": 365709589365784
		},
		{
			"eventType": "block",
			"conditions": [
				{
					"id": "on-start-of-layout",
					"objectClass": "System",
					"sid": 791344118997813
				}
			],
			"actions": [
				{
					"id": "stop",
					"objectClass": "Audio",
					"sid": 881985534887377,
					"parameters": {
						"tag": "\"\""
					}
				},
				{
					"id": "play",
					"objectClass": "Audio",
					"sid": 176651501789595,
					"parameters": {
						"audio-file": "videoplayback",
						"loop": "not-looping",
						"volume": "0",
						"stereo-pan": "0",
						"tag-optional": "\"\""
					}
				}
			],
			"sid": 387226247129037
		},
		{
			"eventType": "block",
			"conditions": [
				{
					"id": "compare-eventvar",
					"objectClass": "System",
					"sid": 333061815655291,
					"parameters": {
						"variable": "timer",
						"comparison": 0,
						"value": "0"
					}
				}
			],
			"actions": [
				{
					"id": "go-to-nextprevious-layout",
					"objectClass": "System",
					"sid": 621354910353020,
					"parameters": {
						"which": "previous"
					}
				}
			],
			"sid": 709717393126957
		},
		{
			"eventType": "block",
			"conditions": [
				{
					"id": "on-object-clicked",
					"objectClass": "Mouse",
					"sid": 797749372940679,
					"parameters": {
						"mouse-button": "left",
						"click-type": "clicked",
						"object-clicked": "wrong"
					}
				}
			],
			"actions": [
				{
					"id": "go-to-nextprevious-layout",
					"objectClass": "System",
					"sid": 231251496506727,
					"parameters": {
						"which": "previous"
					}
				}
			],
			"sid": 598903693119224
		},
		{
			"eventType": "block",
			"conditions": [
				{
					"id": "on-object-clicked",
					"objectClass": "Mouse",
					"sid": 689371930071712,
					"parameters": {
						"mouse-button": "left",
						"click-type": "clicked",
						"object-clicked": "correct"
					}
				}
			],
			"actions": [
				{
					"id": "go-to-nextprevious-layout",
					"objectClass": "System",
					"sid": 818327383780280,
					"parameters": {
						"which": "next"
					}
				}
			],
			"sid": 491337578567611
		}
	],
	"sid": 158186042065084
}