{
	"name": "Start Event",
	"events": [
		{
			"eventType": "block",
			"conditions": [
				{
					"id": "on-start-of-layout",
					"objectClass": "System",
					"sid": 479139613932484
				}
			],
			"actions": [
				{
					"id": "stop",
					"objectClass": "Audio",
					"sid": 980481083533055,
					"parameters": {
						"tag": "\"\""
					}
				},
				{
					"id": "play",
					"objectClass": "Audio",
					"sid": 356562232116785,
					"parameters": {
						"audio-file": "cyber_runner",
						"loop": "looping",
						"volume": "0",
						"stereo-pan": "0",
						"tag-optional": "\"\""
					}
				}
			],
			"sid": 368516826771436
		},
		{
			"eventType": "block",
			"conditions": [
				{
					"id": "on-key-pressed",
					"objectClass": "Keyboard",
					"sid": 199230975045429,
					"parameters": {
						"key": 13
					}
				}
			],
			"actions": [
				{
					"id": "go-to-nextprevious-layout",
					"objectClass": "System",
					"sid": 707234447907097,
					"parameters": {
						"which": "next"
					}
				}
			],
			"sid": 333165678366365
		}
	],
	"sid": 391812868661437
}