{
	"name": "Quiz 3 Event",
	"events": [
		{
			"eventType": "variable",
			"name": "timer3",
			"type": "number",
			"initialValue": "10",
			"comment": "",
			"isStatic": false,
			"isConstant": false,
			"sid": 661225122302225
		},
		{
			"eventType": "block",
			"conditions": [
				{
					"id": "every-x-seconds",
					"objectClass": "System",
					"sid": 710631867249415,
					"parameters": {
						"interval-seconds": "1.0"
					}
				}
			],
			"actions": [
				{
					"id": "set-text",
					"objectClass": "timer",
					"sid": 388748897572471,
					"parameters": {
						"text": "\"Timer : \"&timer3"
					}
				},
				{
					"id": "subtract-from-eventvar",
					"objectClass": "System",
					"sid": 904482005304245,
					"parameters": {
						"variable": "timer3",
						"value": "1"
					}
				}
			],
			"sid": 249466490445715
		},
		{
			"eventType": "block",
			"conditions": [
				{
					"id": "on-start-of-layout",
					"objectClass": "System",
					"sid": 388390166773503
				}
			],
			"actions": [
				{
					"id": "stop",
					"objectClass": "Audio",
					"sid": 476714404442927,
					"parameters": {
						"tag": "\"\""
					}
				},
				{
					"id": "play",
					"objectClass": "Audio",
					"sid": 384504749431642,
					"parameters": {
						"audio-file": "videoplayback",
						"loop": "not-looping",
						"volume": "0",
						"stereo-pan": "0",
						"tag-optional": "\"\""
					}
				}
			],
			"sid": 101828414540170
		},
		{
			"eventType": "block",
			"conditions": [
				{
					"id": "compare-eventvar",
					"objectClass": "System",
					"sid": 146523787281987,
					"parameters": {
						"variable": "timer",
						"comparison": 0,
						"value": "0"
					}
				}
			],
			"actions": [
				{
					"id": "go-to-nextprevious-layout",
					"objectClass": "System",
					"sid": 501542350913836,
					"parameters": {
						"which": "previous"
					}
				}
			],
			"sid": 812189843805333
		},
		{
			"eventType": "block",
			"conditions": [
				{
					"id": "on-object-clicked",
					"objectClass": "Mouse",
					"sid": 308035779882878,
					"parameters": {
						"mouse-button": "left",
						"click-type": "clicked",
						"object-clicked": "wrong"
					}
				}
			],
			"actions": [
				{
					"id": "go-to-nextprevious-layout",
					"objectClass": "System",
					"sid": 232072213638267,
					"parameters": {
						"which": "previous"
					}
				}
			],
			"sid": 764030466478921
		},
		{
			"eventType": "block",
			"conditions": [
				{
					"id": "on-object-clicked",
					"objectClass": "Mouse",
					"sid": 216694264908367,
					"parameters": {
						"mouse-button": "left",
						"click-type": "clicked",
						"object-clicked": "correct"
					}
				}
			],
			"actions": [
				{
					"id": "go-to-nextprevious-layout",
					"objectClass": "System",
					"sid": 153829394923449,
					"parameters": {
						"which": "next"
					}
				}
			],
			"sid": 999055378876455
		}
	],
	"sid": 850063346924275
}