{
	"name": "Level Event",
	"events": [
		{
			"eventType": "block",
			"conditions": [
				{
					"id": "on-key-pressed",
					"objectClass": "Keyboard",
					"sid": 700792036789610,
					"parameters": {
						"key": 37
					}
				}
			],
			"actions": [
				{
					"id": "set-mirrored",
					"objectClass": "Jack",
					"sid": 558549727673832,
					"parameters": {
						"state": "mirrored"
					}
				},
				{
					"id": "set-animation",
					"objectClass": "Jack",
					"sid": 465138178806688,
					"parameters": {
						"animation": "\"RUN\"",
						"from": "beginning"
					}
				}
			],
			"sid": 116002804885532
		},
		{
			"eventType": "block",
			"conditions": [
				{
					"id": "on-key-pressed",
					"objectClass": "Keyboard",
					"sid": 575554284964195,
					"parameters": {
						"key": 39
					}
				}
			],
			"actions": [
				{
					"id": "set-mirrored",
					"objectClass": "Jack",
					"sid": 974789688420876,
					"parameters": {
						"state": "not-mirrored"
					}
				},
				{
					"id": "set-animation",
					"objectClass": "Jack",
					"sid": 366901762986044,
					"parameters": {
						"animation": "\"RUN\"",
						"from": "beginning"
					}
				}
			],
			"sid": 755828587211580
		},
		{
			"eventType": "block",
			"conditions": [
				{
					"id": "on-stopped",
					"objectClass": "Jack",
					"sid": 731007367832078,
					"behaviorType": "Platform"
				}
			],
			"actions": [
				{
					"id": "set-animation",
					"objectClass": "Jack",
					"sid": 526420244574488,
					"parameters": {
						"animation": "\"IDLE\"",
						"from": "beginning"
					}
				}
			],
			"sid": 230070667543468
		},
		{
			"eventType": "block",
			"conditions": [
				{
					"id": "on-key-pressed",
					"objectClass": "Keyboard",
					"sid": 940210818794890,
					"parameters": {
						"key": 38
					}
				},
				{
					"id": "is-overlapping-another-object",
					"objectClass": "Jack",
					"sid": 194441024276725,
					"parameters": {
						"object": "ladder"
					},
					"isInverted": true
				}
			],
			"actions": [
				{
					"id": "set-animation",
					"objectClass": "Jack",
					"sid": 519907285315216,
					"parameters": {
						"animation": "\"JUMP_RIGHT\"",
						"from": "beginning"
					}
				}
			],
			"sid": 314076157811214
		},
		{
			"eventType": "block",
			"conditions": [
				{
					"id": "on-key-pressed",
					"objectClass": "Keyboard",
					"sid": 975521011288989,
					"parameters": {
						"key": 38
					}
				},
				{
					"id": "is-overlapping-another-object",
					"objectClass": "Jack",
					"sid": 348503118891629,
					"parameters": {
						"object": "ladder"
					}
				}
			],
			"actions": [
				{
					"id": "set-animation",
					"objectClass": "Jack",
					"sid": 358059174915157,
					"parameters": {
						"animation": "\"CLIMB\"",
						"from": "beginning"
					}
				}
			],
			"sid": 570521233031250
		},
		{
			"eventType": "block",
			"conditions": [
				{
					"id": "has-los-to-object",
					"objectClass": "Drone",
					"sid": 843169579404922,
					"behaviorType": "LineOfSight",
					"parameters": {
						"object": "Jack",
						"image-point": "0"
					}
				}
			],
			"actions": [
				{
					"id": "set-angle-toward-position",
					"objectClass": "Drone",
					"sid": 115241225862970,
					"parameters": {
						"x": "Jack.X",
						"y": "Jack.Y"
					}
				}
			],
			"sid": 391194429905636
		},
		{
			"eventType": "block",
			"conditions": [
				{
					"id": "has-los-to-object",
					"objectClass": "Drone",
					"sid": 115865999624000,
					"behaviorType": "LineOfSight",
					"parameters": {
						"object": "Jack",
						"image-point": "0"
					}
				},
				{
					"id": "every-x-seconds",
					"objectClass": "System",
					"sid": 881145714026991,
					"parameters": {
						"interval-seconds": "2"
					}
				}
			],
			"actions": [
				{
					"id": "spawn-another-object",
					"objectClass": "Drone",
					"sid": 200503846296694,
					"parameters": {
						"object": "bullet",
						"layer": "0",
						"image-point": "1",
						"create-hierarchy": false,
						"template-name": "\"\""
					}
				},
				{
					"id": "play",
					"objectClass": "Audio",
					"sid": 703198494681358,
					"parameters": {
						"audio-file": "beam",
						"loop": "not-looping",
						"volume": "0",
						"stereo-pan": "0",
						"tag-optional": "\"\""
					}
				}
			],
			"sid": 387336210841581
		},
		{
			"eventType": "block",
			"conditions": [
				{
					"id": "has-los-to-object",
					"objectClass": "Drone2",
					"sid": 534370496965704,
					"behaviorType": "LineOfSight",
					"parameters": {
						"object": "Jack",
						"image-point": "0"
					}
				}
			],
			"actions": [
				{
					"id": "set-angle-toward-position",
					"objectClass": "Drone2",
					"sid": 529206366624409,
					"parameters": {
						"x": "Jack.X",
						"y": "Jack.Y"
					}
				}
			],
			"sid": 231663532336112
		},
		{
			"eventType": "block",
			"conditions": [
				{
					"id": "has-los-to-object",
					"objectClass": "Drone2",
					"sid": 355136006920085,
					"behaviorType": "LineOfSight",
					"parameters": {
						"object": "Jack",
						"image-point": "0"
					}
				},
				{
					"id": "every-x-seconds",
					"objectClass": "System",
					"sid": 634711180163831,
					"parameters": {
						"interval-seconds": "2"
					}
				}
			],
			"actions": [
				{
					"id": "spawn-another-object",
					"objectClass": "Drone2",
					"sid": 677770601995305,
					"parameters": {
						"object": "bullet3",
						"layer": "0",
						"image-point": "1",
						"create-hierarchy": false,
						"template-name": "\"\""
					}
				},
				{
					"id": "play",
					"objectClass": "Audio",
					"sid": 151068127539256,
					"parameters": {
						"audio-file": "beam",
						"loop": "not-looping",
						"volume": "0",
						"stereo-pan": "0",
						"tag-optional": "\"\""
					}
				}
			],
			"sid": 999290192854309
		},
		{
			"eventType": "block",
			"conditions": [
				{
					"id": "on-collision-with-another-object",
					"objectClass": "Jack",
					"sid": 172679296734413,
					"parameters": {
						"object": "bullet"
					}
				}
			],
			"actions": [
				{
					"id": "subtract-from-instvar",
					"objectClass": "Jack",
					"sid": 838899786048763,
					"parameters": {
						"instance-variable": "lives",
						"value": "1"
					}
				},
				{
					"id": "play",
					"objectClass": "Audio",
					"sid": 177595314393626,
					"parameters": {
						"audio-file": "hurt",
						"loop": "not-looping",
						"volume": "0",
						"stereo-pan": "0",
						"tag-optional": "\"\""
					}
				}
			],
			"sid": 362196971200211
		},
		{
			"eventType": "block",
			"conditions": [
				{
					"id": "compare-instance-variable",
					"objectClass": "Jack",
					"sid": 635020606174502,
					"parameters": {
						"instance-variable": "lives",
						"comparison": 0,
						"value": "2"
					}
				}
			],
			"actions": [
				{
					"id": "destroy",
					"objectClass": "Heart3",
					"sid": 875338686811700
				}
			],
			"sid": 851309875955797
		},
		{
			"eventType": "block",
			"conditions": [
				{
					"id": "compare-instance-variable",
					"objectClass": "Jack",
					"sid": 618778679641752,
					"parameters": {
						"instance-variable": "lives",
						"comparison": 0,
						"value": "1"
					}
				}
			],
			"actions": [
				{
					"id": "destroy",
					"objectClass": "Heart2",
					"sid": 986191481154831
				}
			],
			"sid": 297474643227436
		},
		{
			"eventType": "block",
			"conditions": [
				{
					"id": "on-collision-with-another-object",
					"objectClass": "Jack",
					"sid": 722700264350061,
					"parameters": {
						"object": "Mainframe"
					}
				}
			],
			"actions": [
				{
					"id": "play",
					"objectClass": "Audio",
					"sid": 459508747428646,
					"parameters": {
						"audio-file": "explosion",
						"loop": "not-looping",
						"volume": "0",
						"stereo-pan": "0",
						"tag-optional": "\"\""
					}
				},
				{
					"id": "add-to-instvar",
					"objectClass": "Hack",
					"sid": 403236853457328,
					"parameters": {
						"instance-variable": "hackScore",
						"value": "1"
					}
				},
				{
					"id": "set-text",
					"objectClass": "Hack",
					"sid": 812995993998801,
					"parameters": {
						"text": "\"Mainframe Hacked: \"&Hack.hackScore"
					}
				},
				{
					"id": "destroy",
					"objectClass": "Mainframe",
					"sid": 369247410510096
				}
			],
			"sid": 576965463861611
		},
		{
			"eventType": "block",
			"conditions": [
				{
					"id": "on-collision-with-another-object",
					"objectClass": "Jack",
					"sid": 265337000779751,
					"parameters": {
						"object": "Mainframe2"
					}
				}
			],
			"actions": [
				{
					"id": "play",
					"objectClass": "Audio",
					"sid": 998926381859322,
					"parameters": {
						"audio-file": "explosion",
						"loop": "not-looping",
						"volume": "0",
						"stereo-pan": "0",
						"tag-optional": "\"\""
					}
				},
				{
					"id": "add-to-instvar",
					"objectClass": "Hack",
					"sid": 382551046525389,
					"parameters": {
						"instance-variable": "hackScore",
						"value": "1"
					}
				},
				{
					"id": "set-text",
					"objectClass": "Hack",
					"sid": 197220250925356,
					"parameters": {
						"text": "\"Mainframe Hacked: \"&Hack.hackScore"
					}
				},
				{
					"id": "destroy",
					"objectClass": "Mainframe2",
					"sid": 527475854542289
				}
			],
			"sid": 120637463879038
		},
		{
			"eventType": "block",
			"conditions": [
				{
					"id": "on-collision-with-another-object",
					"objectClass": "Jack",
					"sid": 859053026616527,
					"parameters": {
						"object": "Mainframe3"
					}
				}
			],
			"actions": [
				{
					"id": "play",
					"objectClass": "Audio",
					"sid": 562944597315352,
					"parameters": {
						"audio-file": "explosion",
						"loop": "not-looping",
						"volume": "0",
						"stereo-pan": "0",
						"tag-optional": "\"\""
					}
				},
				{
					"id": "add-to-instvar",
					"objectClass": "Hack",
					"sid": 764503202546847,
					"parameters": {
						"instance-variable": "hackScore",
						"value": "1"
					}
				},
				{
					"id": "set-text",
					"objectClass": "Hack",
					"sid": 847457647344012,
					"parameters": {
						"text": "\"Mainframe Hacked: \"&Hack.hackScore"
					}
				},
				{
					"id": "destroy",
					"objectClass": "Mainframe3",
					"sid": 116410337921303
				}
			],
			"sid": 692378245029979
		},
		{
			"eventType": "block",
			"conditions": [
				{
					"id": "on-collision-with-another-object",
					"objectClass": "Jack",
					"sid": 816777768555256,
					"parameters": {
						"object": "Mainframe4"
					}
				}
			],
			"actions": [
				{
					"id": "play",
					"objectClass": "Audio",
					"sid": 302835292566413,
					"parameters": {
						"audio-file": "explosion",
						"loop": "not-looping",
						"volume": "0",
						"stereo-pan": "0",
						"tag-optional": "\"\""
					}
				},
				{
					"id": "add-to-instvar",
					"objectClass": "Hack",
					"sid": 876389855557272,
					"parameters": {
						"instance-variable": "hackScore",
						"value": "1"
					}
				},
				{
					"id": "set-text",
					"objectClass": "Hack",
					"sid": 836091653857805,
					"parameters": {
						"text": "\"Mainframe Hacked: \"&Hack.hackScore"
					}
				},
				{
					"id": "destroy",
					"objectClass": "Mainframe4",
					"sid": 787242858133375
				}
			],
			"sid": 901936247085418
		},
		{
			"eventType": "block",
			"conditions": [
				{
					"id": "compare-instance-variable",
					"objectClass": "Hack",
					"sid": 658068961454105,
					"parameters": {
						"instance-variable": "hackScore",
						"comparison": 0,
						"value": "4"
					}
				}
			],
			"actions": [
				{
					"id": "wait",
					"objectClass": "System",
					"sid": 695009428315743,
					"parameters": {
						"seconds": "1"
					}
				},
				{
					"id": "go-to-nextprevious-layout",
					"objectClass": "System",
					"sid": 219636875488823,
					"parameters": {
						"which": "next"
					}
				},
				{
					"id": "set-instvar-value",
					"objectClass": "Jack",
					"sid": 351257276164331,
					"parameters": {
						"instance-variable": "lives",
						"value": "3"
					}
				},
				{
					"id": "stop-all",
					"objectClass": "Audio",
					"sid": 605933158796979
				}
			],
			"sid": 383091463739954
		},
		{
			"eventType": "block",
			"conditions": [
				{
					"id": "compare-instance-variable",
					"objectClass": "Jack",
					"sid": 525972953094713,
					"parameters": {
						"instance-variable": "lives",
						"comparison": 0,
						"value": "0"
					}
				}
			],
			"actions": [
				{
					"id": "restart-layout",
					"objectClass": "System",
					"sid": 172985524072961
				}
			],
			"sid": 735961999366180
		},
		{
			"eventType": "block",
			"conditions": [
				{
					"id": "is-outside-layout",
					"objectClass": "Jack",
					"sid": 741677853384931
				}
			],
			"actions": [
				{
					"id": "restart-layout",
					"objectClass": "System",
					"sid": 933772628146984
				}
			],
			"sid": 983847963684565
		},
		{
			"eventType": "block",
			"conditions": [
				{
					"id": "on-start-of-layout",
					"objectClass": "System",
					"sid": 932182154652058
				}
			],
			"actions": [
				{
					"id": "stop",
					"objectClass": "Audio",
					"sid": 460190682336941,
					"parameters": {
						"tag": "\"\""
					}
				},
				{
					"id": "play",
					"objectClass": "Audio",
					"sid": 532619255917228,
					"parameters": {
						"audio-file": "sci_fi_platformer02",
						"loop": "looping",
						"volume": "-30",
						"stereo-pan": "0",
						"tag-optional": "\"\""
					}
				}
			],
			"sid": 175783234785935
		}
	],
	"sid": 212522830454406
}