{
	"name": "End Event",
	"events": [
		{
			"eventType": "block",
			"conditions": [
				{
					"id": "on-start-of-layout",
					"objectClass": "System",
					"sid": 854578642983094
				}
			],
			"actions": [
				{
					"id": "stop",
					"objectClass": "Audio",
					"sid": 651086691567447,
					"parameters": {
						"tag": "\"\""
					}
				},
				{
					"id": "play",
					"objectClass": "Audio",
					"sid": 855552391686685,
					"parameters": {
						"audio-file": "cyber_runner",
						"loop": "looping",
						"volume": "0",
						"stereo-pan": "0",
						"tag-optional": "\"\""
					}
				}
			],
			"sid": 212550334066215
		},
		{
			"eventType": "block",
			"conditions": [
				{
					"id": "on-key-pressed",
					"objectClass": "Keyboard",
					"sid": 682087449366232,
					"parameters": {
						"key": 27
					}
				}
			],
			"actions": [
				{
					"id": "go-to-layout",
					"objectClass": "System",
					"sid": 170328160048951,
					"parameters": {
						"layout": "Start"
					}
				}
			],
			"sid": 263902451520218
		}
	],
	"sid": 753366352195463
}