{
	"name": "Quiz 2 Event",
	"events": [
		{
			"eventType": "variable",
			"name": "timer2",
			"type": "number",
			"initialValue": "15",
			"comment": "",
			"isStatic": false,
			"isConstant": false,
			"sid": 469706094769892
		},
		{
			"eventType": "block",
			"conditions": [
				{
					"id": "every-x-seconds",
					"objectClass": "System",
					"sid": 919358801526211,
					"parameters": {
						"interval-seconds": "1.0"
					}
				}
			],
			"actions": [
				{
					"id": "set-text",
					"objectClass": "timer",
					"sid": 806786793954362,
					"parameters": {
						"text": "\"Timer : \"&timer2"
					}
				},
				{
					"id": "subtract-from-eventvar",
					"objectClass": "System",
					"sid": 356545556786322,
					"parameters": {
						"variable": "timer2",
						"value": "1"
					}
				}
			],
			"sid": 847718373939495
		},
		{
			"eventType": "block",
			"conditions": [
				{
					"id": "on-start-of-layout",
					"objectClass": "System",
					"sid": 622349139638609
				}
			],
			"actions": [
				{
					"id": "stop",
					"objectClass": "Audio",
					"sid": 120645124465627,
					"parameters": {
						"tag": "\"\""
					}
				},
				{
					"id": "play",
					"objectClass": "Audio",
					"sid": 947964954448320,
					"parameters": {
						"audio-file": "videoplayback",
						"loop": "not-looping",
						"volume": "0",
						"stereo-pan": "0",
						"tag-optional": "\"\""
					}
				}
			],
			"sid": 933220554574920
		},
		{
			"eventType": "block",
			"conditions": [
				{
					"id": "compare-eventvar",
					"objectClass": "System",
					"sid": 240524520037618,
					"parameters": {
						"variable": "timer",
						"comparison": 0,
						"value": "0"
					}
				}
			],
			"actions": [
				{
					"id": "go-to-nextprevious-layout",
					"objectClass": "System",
					"sid": 281734275362896,
					"parameters": {
						"which": "previous"
					}
				}
			],
			"sid": 529177353957883
		},
		{
			"eventType": "block",
			"conditions": [
				{
					"id": "on-object-clicked",
					"objectClass": "Mouse",
					"sid": 220451074223095,
					"parameters": {
						"mouse-button": "left",
						"click-type": "clicked",
						"object-clicked": "wrong"
					}
				}
			],
			"actions": [
				{
					"id": "go-to-nextprevious-layout",
					"objectClass": "System",
					"sid": 735897165796949,
					"parameters": {
						"which": "previous"
					}
				}
			],
			"sid": 835391991908936
		},
		{
			"eventType": "block",
			"conditions": [
				{
					"id": "on-object-clicked",
					"objectClass": "Mouse",
					"sid": 297437763631427,
					"parameters": {
						"mouse-button": "left",
						"click-type": "clicked",
						"object-clicked": "correct"
					}
				}
			],
			"actions": [
				{
					"id": "go-to-nextprevious-layout",
					"objectClass": "System",
					"sid": 884431100723645,
					"parameters": {
						"which": "next"
					}
				}
			],
			"sid": 888927509942270
		}
	],
	"sid": 504696392653878
}