{
	"name": "Instructions",
	"layers": [
		{
			"name": "background",
			"overriden": 0,
			"subLayers": [],
			"instances": [
				{
					"type": "TiledBackground",
					"properties": {
						"initially-visible": true,
						"origin": "top-left",
						"wrap-horizontal": "repeat",
						"wrap-vertical": "repeat",
						"image-offset-x": 0,
						"image-offset-y": 0,
						"image-scale-x": 1,
						"image-scale-y": 1,
						"image-angle": 0,
						"enable-tile-randomization": false,
						"x-random": 1,
						"y-random": 1,
						"angle-random": 1,
						"blend-margin-x": 0.1,
						"blend-margin-y": 0.1
					},
					"uid": 1368,
					"sid": 159732340094963,
					"tags": "",
					"instanceVariables": {},
					"behaviors": {},
					"showing": true,
					"locked": false,
					"world": {
						"x": -1,
						"y": 0,
						"width": 1282,
						"height": 717,
						"originX": 0,
						"originY": 0,
						"color": [
							1,
							1,
							1,
							1
						],
						"angle": 0,
						"zElevation": 0
					}
				}
			],
			"sid": 327732567884268,
			"effectTypes": [],
			"isInitiallyVisible": true,
			"isInitiallyInteractive": true,
			"isHTMLElementsLayer": false,
			"color": [
				1,
				1,
				1,
				1
			],
			"backgroundColor": [
				0.3686274509803922,
				0.3686274509803922,
				0.3686274509803922,
				1
			],
			"isTransparent": false,
			"parallaxX": 1,
			"parallaxY": 1,
			"scaleRate": 1,
			"forceOwnTexture": false,
			"renderingMode": "3d",
			"drawOrder": "z-order",
			"useRenderCells": false,
			"blendMode": "normal",
			"zElevation": 0,
			"global": false
		},
		{
			"name": "text",
			"overriden": 0,
			"subLayers": [],
			"instances": [
				{
					"type": "howToPlay",
					"properties": {
						"text": "HOW TO PLAY",
						"enable-bbcode": true,
						"font": "Castellar",
						"size": 36,
						"line-height": 0,
						"bold": true,
						"italic": true,
						"color": [
							0.9568627450980393,
							0.6392156862745098,
							0.043137254901960784,
							1
						],
						"horizontal-alignment": "center",
						"vertical-alignment": "top",
						"wrapping": "word",
						"text-direction": "ltr",
						"icon-set": -1,
						"initially-visible": true,
						"origin": "top-left",
						"read-aloud": false
					},
					"uid": 1369,
					"sid": 110702805602089,
					"tags": "",
					"instanceVariables": {},
					"behaviors": {},
					"showing": true,
					"locked": false,
					"world": {
						"x": 375,
						"y": 89,
						"width": 508,
						"height": 64,
						"originX": 0,
						"originY": 0,
						"color": [
							1,
							1,
							1,
							1
						],
						"angle": 0,
						"zElevation": 0
					}
				},
				{
					"type": "Text",
					"properties": {
						"text": "Use Arrow button to move left, right, jump and climb the ladder.\nHack the mainframe        and avoid the drone laser bullet before your health depleted. After succesfully hack all the mainframe, you will need to answer a questions to complete the level and the game.",
						"enable-bbcode": true,
						"font": "monospace",
						"size": 20,
						"line-height": 0,
						"bold": false,
						"italic": false,
						"color": [
							1,
							1,
							1,
							1
						],
						"horizontal-alignment": "left",
						"vertical-alignment": "top",
						"wrapping": "word",
						"text-direction": "ltr",
						"icon-set": -1,
						"initially-visible": true,
						"origin": "top-left",
						"read-aloud": false
					},
					"uid": 1370,
					"sid": 587247000666420,
					"tags": "",
					"instanceVariables": {},
					"behaviors": {},
					"showing": true,
					"locked": false,
					"world": {
						"x": 135,
						"y": 213,
						"width": 1038,
						"height": 451,
						"originX": 0,
						"originY": 0,
						"color": [
							1,
							1,
							1,
							1
						],
						"angle": 6.282625664160452,
						"zElevation": 0
					}
				},
				{
					"type": "Mainframe",
					"properties": {
						"initially-visible": true,
						"initial-animation": "Animation 1",
						"initial-frame": 0,
						"enable-collisions": true,
						"live-preview": false
					},
					"uid": 1371,
					"sid": 748757629871039,
					"tags": "",
					"instanceVariables": {},
					"behaviors": {},
					"showing": true,
					"locked": false,
					"world": {
						"x": 456,
						"y": 267,
						"width": 44.82701254761868,
						"height": 39.337824263392505,
						"originX": 0.5,
						"originY": 0.5,
						"color": [
							1,
							1,
							1,
							1
						],
						"angle": 0,
						"zElevation": 0
					}
				},
				{
					"type": "Text2",
					"properties": {
						"text": "PRESS ENTER TO START THE GAME",
						"enable-bbcode": true,
						"font": "Impact",
						"size": 30,
						"line-height": 0,
						"bold": true,
						"italic": true,
						"color": [
							1,
							1,
							1,
							1
						],
						"horizontal-alignment": "center",
						"vertical-alignment": "top",
						"wrapping": "word",
						"text-direction": "ltr",
						"icon-set": -1,
						"initially-visible": true,
						"origin": "top-left",
						"read-aloud": false
					},
					"uid": 332,
					"sid": 884401358599122,
					"tags": "",
					"instanceVariables": {},
					"behaviors": {},
					"showing": true,
					"locked": false,
					"world": {
						"x": 443,
						"y": 407,
						"width": 362,
						"height": 112,
						"originX": 0,
						"originY": 0,
						"color": [
							1,
							1,
							1,
							1
						],
						"angle": 0,
						"zElevation": 0
					}
				}
			],
			"sid": 886730919022184,
			"effectTypes": [],
			"isInitiallyVisible": true,
			"isInitiallyInteractive": true,
			"isHTMLElementsLayer": false,
			"color": [
				1,
				1,
				1,
				1
			],
			"backgroundColor": [
				0.3686274509803922,
				0.3686274509803922,
				0.3686274509803922,
				1
			],
			"isTransparent": true,
			"parallaxX": 1,
			"parallaxY": 1,
			"scaleRate": 1,
			"forceOwnTexture": false,
			"renderingMode": "3d",
			"drawOrder": "z-order",
			"useRenderCells": false,
			"blendMode": "normal",
			"zElevation": 0,
			"global": false
		}
	],
	"scene-graphs-folder-root": {
		"items": [],
		"subfolders": []
	},
	"sid": 735056907350176,
	"nonworld-instances": [],
	"effectTypes": [],
	"width": 2560,
	"height": 1440,
	"unboundedScrolling": false,
	"vpX": 0.5,
	"vpY": 0.5,
	"projection": "perspective",
	"eventSheet": "Start Event"
}