{
	"name": "Start",
	"layers": [
		{
			"name": "Background",
			"overriden": 0,
			"subLayers": [],
			"instances": [
				{
					"type": "TiledBackground",
					"properties": {
						"initially-visible": true,
						"origin": "top-left",
						"wrap-horizontal": "repeat",
						"wrap-vertical": "repeat",
						"image-offset-x": 0,
						"image-offset-y": 0,
						"image-scale-x": 1,
						"image-scale-y": 1,
						"image-angle": 0,
						"enable-tile-randomization": false,
						"x-random": 1,
						"y-random": 1,
						"angle-random": 1,
						"blend-margin-x": 0.1,
						"blend-margin-y": 0.1
					},
					"uid": 257,
					"sid": 935732984002012,
					"tags": "",
					"instanceVariables": {},
					"behaviors": {},
					"showing": true,
					"locked": false,
					"world": {
						"x": -115,
						"y": -16,
						"width": 2581,
						"height": 864,
						"originX": 0,
						"originY": 0,
						"color": [
							1,
							1,
							1,
							1
						],
						"angle": 0,
						"zElevation": 0
					}
				}
			],
			"sid": 545717609542716,
			"effectTypes": [],
			"isInitiallyVisible": true,
			"isInitiallyInteractive": true,
			"isHTMLElementsLayer": false,
			"color": [
				1,
				1,
				1,
				1
			],
			"backgroundColor": [
				0.3686274509803922,
				0.3686274509803922,
				0.3686274509803922,
				1
			],
			"isTransparent": false,
			"parallaxX": 1,
			"parallaxY": 1,
			"scaleRate": 1,
			"forceOwnTexture": false,
			"renderingMode": "3d",
			"drawOrder": "z-order",
			"useRenderCells": false,
			"blendMode": "normal",
			"zElevation": 0,
			"global": false
		},
		{
			"name": "Level",
			"overriden": 0,
			"subLayers": [],
			"instances": [
				{
					"type": "SF_White",
					"properties": {
						"text": "FIREWALL WARRIOR",
						"enable-bbcode": true,
						"character-width": 7,
						"character-height": 7,
						"character-set": "ABCDEFGHIJKLMNOPQRSTUVWXYZ abcdefghijklmnopqrstuvwxyz 0123456789!?.%;:$#'\"/\\\\()&*+,-<>=@[]^_~{}`\\\\\\\\~\\\\",
						"spacing-data": "",
						"scale": 10,
						"character-spacing": 0,
						"line-height": 0,
						"horizontal-alignment": "center",
						"vertical-alignment": "bottom",
						"wrapping": "word",
						"initially-visible": true,
						"origin": "bottom",
						"read-aloud": false
					},
					"uid": 260,
					"sid": 474322459138872,
					"tags": "",
					"instanceVariables": {},
					"behaviors": {},
					"showing": true,
					"locked": false,
					"world": {
						"x": 653,
						"y": 298,
						"width": 661.6242623369071,
						"height": 295.81213116845356,
						"originX": 0.5,
						"originY": 1,
						"color": [
							0.7254901960784313,
							0.023529411764705882,
							0.7843137254901961,
							1
						],
						"angle": 0,
						"zElevation": 0
					}
				},
				{
					"type": "SF_White",
					"properties": {
						"text": "FIREWALL WARRIOR",
						"enable-bbcode": true,
						"character-width": 7,
						"character-height": 7,
						"character-set": "ABCDEFGHIJKLMNOPQRSTUVWXYZ abcdefghijklmnopqrstuvwxyz 0123456789!?.%;:$#'\"/\\\\()&*+,-<>=@[]^_~{}`\\\\\\\\~\\\\",
						"spacing-data": "",
						"scale": 10,
						"character-spacing": 0,
						"line-height": 0,
						"horizontal-alignment": "center",
						"vertical-alignment": "bottom",
						"wrapping": "word",
						"initially-visible": true,
						"origin": "bottom",
						"read-aloud": false
					},
					"uid": 258,
					"sid": 993251981075068,
					"tags": "",
					"instanceVariables": {},
					"behaviors": {},
					"showing": true,
					"locked": false,
					"world": {
						"x": 666,
						"y": 299,
						"width": 591.6242623369071,
						"height": 312.81213116845356,
						"originX": 0.5,
						"originY": 1,
						"color": [
							1,
							1,
							0,
							1
						],
						"angle": 0,
						"zElevation": 0
					}
				},
				{
					"type": "Sprite2",
					"properties": {
						"initially-visible": true,
						"initial-animation": "Animation 1",
						"initial-frame": 0,
						"enable-collisions": true,
						"live-preview": false
					},
					"uid": 333,
					"sid": 408772082934249,
					"tags": "",
					"instanceVariables": {},
					"behaviors": {},
					"showing": true,
					"locked": false,
					"world": {
						"x": 491,
						"y": 1154,
						"width": 187.5628700793855,
						"height": 1039.9089994415951,
						"originX": 0.5,
						"originY": 0.5,
						"color": [
							1,
							1,
							1,
							1
						],
						"angle": 0,
						"zElevation": 0
					}
				},
				{
					"type": "Sprite",
					"properties": {
						"initially-visible": true,
						"initial-animation": "Animation 1",
						"initial-frame": 0,
						"enable-collisions": true,
						"live-preview": false
					},
					"uid": 334,
					"sid": 156388248649465,
					"tags": "",
					"instanceVariables": {},
					"behaviors": {},
					"showing": true,
					"locked": false,
					"world": {
						"x": 396,
						"y": 1371,
						"width": 58.31871847979217,
						"height": 114.75618797636524,
						"originX": 0.5,
						"originY": 0.5,
						"color": [
							1,
							1,
							1,
							1
						],
						"angle": 0,
						"zElevation": 0
					}
				},
				{
					"type": "Sprite",
					"properties": {
						"initially-visible": true,
						"initial-animation": "Animation 1",
						"initial-frame": 0,
						"enable-collisions": true,
						"live-preview": false
					},
					"uid": 340,
					"sid": 490608588429025,
					"tags": "",
					"instanceVariables": {},
					"behaviors": {},
					"showing": true,
					"locked": false,
					"world": {
						"x": 397,
						"y": 1460,
						"width": 58.31871847979217,
						"height": 114.75618797636524,
						"originX": 0.5,
						"originY": 0.5,
						"color": [
							1,
							1,
							1,
							1
						],
						"angle": 0,
						"zElevation": 0
					}
				},
				{
					"type": "Sprite",
					"properties": {
						"initially-visible": true,
						"initial-animation": "Animation 1",
						"initial-frame": 0,
						"enable-collisions": true,
						"live-preview": false
					},
					"uid": 350,
					"sid": 146489964444327,
					"tags": "",
					"instanceVariables": {},
					"behaviors": {},
					"showing": true,
					"locked": false,
					"world": {
						"x": 396,
						"y": 1549,
						"width": 58.31871847979217,
						"height": 114.75618797636524,
						"originX": 0.5,
						"originY": 0.5,
						"color": [
							1,
							1,
							1,
							1
						],
						"angle": 0,
						"zElevation": 0
					}
				},
				{
					"type": "Sprite",
					"properties": {
						"initially-visible": true,
						"initial-animation": "Animation 1",
						"initial-frame": 0,
						"enable-collisions": true,
						"live-preview": false
					},
					"uid": 351,
					"sid": 650044852606141,
					"tags": "",
					"instanceVariables": {},
					"behaviors": {},
					"showing": true,
					"locked": false,
					"world": {
						"x": 396,
						"y": 1019,
						"width": 58.31871847979217,
						"height": 114.75618797636524,
						"originX": 0.5,
						"originY": 0.5,
						"color": [
							1,
							1,
							1,
							1
						],
						"angle": 0,
						"zElevation": 0
					}
				},
				{
					"type": "Sprite",
					"properties": {
						"initially-visible": true,
						"initial-animation": "Animation 1",
						"initial-frame": 0,
						"enable-collisions": true,
						"live-preview": false
					},
					"uid": 352,
					"sid": 572200014306522,
					"tags": "",
					"instanceVariables": {},
					"behaviors": {},
					"showing": true,
					"locked": false,
					"world": {
						"x": 396,
						"y": 1108,
						"width": 58.31871847979217,
						"height": 114.75618797636524,
						"originX": 0.5,
						"originY": 0.5,
						"color": [
							1,
							1,
							1,
							1
						],
						"angle": 0,
						"zElevation": 0
					}
				},
				{
					"type": "Sprite",
					"properties": {
						"initially-visible": true,
						"initial-animation": "Animation 1",
						"initial-frame": 0,
						"enable-collisions": true,
						"live-preview": false
					},
					"uid": 353,
					"sid": 118496368328312,
					"tags": "",
					"instanceVariables": {},
					"behaviors": {},
					"showing": true,
					"locked": false,
					"world": {
						"x": 396,
						"y": 1196,
						"width": 58.31871847979217,
						"height": 114.75618797636524,
						"originX": 0.5,
						"originY": 0.5,
						"color": [
							1,
							1,
							1,
							1
						],
						"angle": 0,
						"zElevation": 0
					}
				},
				{
					"type": "Sprite",
					"properties": {
						"initially-visible": true,
						"initial-animation": "Animation 1",
						"initial-frame": 0,
						"enable-collisions": true,
						"live-preview": false
					},
					"uid": 354,
					"sid": 883194784598069,
					"tags": "",
					"instanceVariables": {},
					"behaviors": {},
					"showing": true,
					"locked": false,
					"world": {
						"x": 396,
						"y": 1281,
						"width": 58.31871847979217,
						"height": 114.75618797636524,
						"originX": 0.5,
						"originY": 0.5,
						"color": [
							1,
							1,
							1,
							1
						],
						"angle": 0,
						"zElevation": 0
					}
				},
				{
					"type": "Sprite",
					"properties": {
						"initially-visible": true,
						"initial-animation": "Animation 1",
						"initial-frame": 0,
						"enable-collisions": true,
						"live-preview": false
					},
					"uid": 355,
					"sid": 272461201071357,
					"tags": "",
					"instanceVariables": {},
					"behaviors": {},
					"showing": true,
					"locked": false,
					"world": {
						"x": 396,
						"y": 669,
						"width": 58.31871847979217,
						"height": 114.75618797636524,
						"originX": 0.5,
						"originY": 0.5,
						"color": [
							1,
							1,
							1,
							1
						],
						"angle": 0,
						"zElevation": 0
					}
				},
				{
					"type": "Sprite",
					"properties": {
						"initially-visible": true,
						"initial-animation": "Animation 1",
						"initial-frame": 0,
						"enable-collisions": true,
						"live-preview": false
					},
					"uid": 356,
					"sid": 389660172736250,
					"tags": "",
					"instanceVariables": {},
					"behaviors": {},
					"showing": true,
					"locked": false,
					"world": {
						"x": 396,
						"y": 758,
						"width": 58.31871847979217,
						"height": 114.75618797636524,
						"originX": 0.5,
						"originY": 0.5,
						"color": [
							1,
							1,
							1,
							1
						],
						"angle": 0,
						"zElevation": 0
					}
				},
				{
					"type": "Sprite",
					"properties": {
						"initially-visible": true,
						"initial-animation": "Animation 1",
						"initial-frame": 0,
						"enable-collisions": true,
						"live-preview": false
					},
					"uid": 357,
					"sid": 625966209911690,
					"tags": "",
					"instanceVariables": {},
					"behaviors": {},
					"showing": true,
					"locked": false,
					"world": {
						"x": 396,
						"y": 846,
						"width": 58.31871847979217,
						"height": 114.75618797636524,
						"originX": 0.5,
						"originY": 0.5,
						"color": [
							1,
							1,
							1,
							1
						],
						"angle": 0,
						"zElevation": 0
					}
				},
				{
					"type": "Sprite",
					"properties": {
						"initially-visible": true,
						"initial-animation": "Animation 1",
						"initial-frame": 0,
						"enable-collisions": true,
						"live-preview": false
					},
					"uid": 358,
					"sid": 101813812736916,
					"tags": "",
					"instanceVariables": {},
					"behaviors": {},
					"showing": true,
					"locked": false,
					"world": {
						"x": 396,
						"y": 931,
						"width": 58.31871847979217,
						"height": 114.75618797636524,
						"originX": 0.5,
						"originY": 0.5,
						"color": [
							1,
							1,
							1,
							1
						],
						"angle": 0,
						"zElevation": 0
					}
				},
				{
					"type": "Sprite3",
					"properties": {
						"initially-visible": true,
						"initial-animation": "Animation 1",
						"initial-frame": 0,
						"enable-collisions": true,
						"live-preview": false
					},
					"uid": 359,
					"sid": 142497920795099,
					"tags": "",
					"instanceVariables": {},
					"behaviors": {},
					"showing": true,
					"locked": false,
					"world": {
						"x": 582,
						"y": 1504,
						"width": 56.57887712771893,
						"height": 111.33262918680177,
						"originX": 0.5,
						"originY": 0.5,
						"color": [
							1,
							1,
							1,
							1
						],
						"angle": 0,
						"zElevation": 0
					}
				},
				{
					"type": "Sprite3",
					"properties": {
						"initially-visible": true,
						"initial-animation": "Animation 1",
						"initial-frame": 0,
						"enable-collisions": true,
						"live-preview": false
					},
					"uid": 360,
					"sid": 400633177189759,
					"tags": "",
					"instanceVariables": {},
					"behaviors": {},
					"showing": true,
					"locked": false,
					"world": {
						"x": 582,
						"y": 1420,
						"width": 56.57887712771893,
						"height": 111.33262918680177,
						"originX": 0.5,
						"originY": 0.5,
						"color": [
							1,
							1,
							1,
							1
						],
						"angle": 0,
						"zElevation": 0
					}
				},
				{
					"type": "Sprite3",
					"properties": {
						"initially-visible": true,
						"initial-animation": "Animation 1",
						"initial-frame": 0,
						"enable-collisions": true,
						"live-preview": false
					},
					"uid": 361,
					"sid": 617140407002377,
					"tags": "",
					"instanceVariables": {},
					"behaviors": {},
					"showing": true,
					"locked": false,
					"world": {
						"x": 582,
						"y": 1337,
						"width": 56.57887712771893,
						"height": 111.33262918680177,
						"originX": 0.5,
						"originY": 0.5,
						"color": [
							1,
							1,
							1,
							1
						],
						"angle": 0,
						"zElevation": 0
					}
				},
				{
					"type": "Sprite3",
					"properties": {
						"initially-visible": true,
						"initial-animation": "Animation 1",
						"initial-frame": 0,
						"enable-collisions": true,
						"live-preview": false
					},
					"uid": 362,
					"sid": 545422331946475,
					"tags": "",
					"instanceVariables": {},
					"behaviors": {},
					"showing": true,
					"locked": false,
					"world": {
						"x": 582,
						"y": 1253,
						"width": 56.57887712771893,
						"height": 111.33262918680177,
						"originX": 0.5,
						"originY": 0.5,
						"color": [
							1,
							1,
							1,
							1
						],
						"angle": 0,
						"zElevation": 0
					}
				},
				{
					"type": "Sprite3",
					"properties": {
						"initially-visible": true,
						"initial-animation": "Animation 1",
						"initial-frame": 0,
						"enable-collisions": true,
						"live-preview": false
					},
					"uid": 363,
					"sid": 240990045116977,
					"tags": "",
					"instanceVariables": {},
					"behaviors": {},
					"showing": true,
					"locked": false,
					"world": {
						"x": 582,
						"y": 1168,
						"width": 56.57887712771893,
						"height": 111.33262918680177,
						"originX": 0.5,
						"originY": 0.5,
						"color": [
							1,
							1,
							1,
							1
						],
						"angle": 0,
						"zElevation": 0
					}
				},
				{
					"type": "Sprite3",
					"properties": {
						"initially-visible": true,
						"initial-animation": "Animation 1",
						"initial-frame": 0,
						"enable-collisions": true,
						"live-preview": false
					},
					"uid": 364,
					"sid": 462665528068666,
					"tags": "",
					"instanceVariables": {},
					"behaviors": {},
					"showing": true,
					"locked": false,
					"world": {
						"x": 582,
						"y": 1084,
						"width": 56.57887712771893,
						"height": 111.33262918680177,
						"originX": 0.5,
						"originY": 0.5,
						"color": [
							1,
							1,
							1,
							1
						],
						"angle": 0,
						"zElevation": 0
					}
				},
				{
					"type": "Sprite3",
					"properties": {
						"initially-visible": true,
						"initial-animation": "Animation 1",
						"initial-frame": 0,
						"enable-collisions": true,
						"live-preview": false
					},
					"uid": 365,
					"sid": 982391130170424,
					"tags": "",
					"instanceVariables": {},
					"behaviors": {},
					"showing": true,
					"locked": false,
					"world": {
						"x": 582,
						"y": 1001,
						"width": 56.57887712771893,
						"height": 111.33262918680177,
						"originX": 0.5,
						"originY": 0.5,
						"color": [
							1,
							1,
							1,
							1
						],
						"angle": 0,
						"zElevation": 0
					}
				},
				{
					"type": "Sprite3",
					"properties": {
						"initially-visible": true,
						"initial-animation": "Animation 1",
						"initial-frame": 0,
						"enable-collisions": true,
						"live-preview": false
					},
					"uid": 366,
					"sid": 180460817184690,
					"tags": "",
					"instanceVariables": {},
					"behaviors": {},
					"showing": true,
					"locked": false,
					"world": {
						"x": 582,
						"y": 917,
						"width": 56.57887712771893,
						"height": 111.33262918680177,
						"originX": 0.5,
						"originY": 0.5,
						"color": [
							1,
							1,
							1,
							1
						],
						"angle": 0,
						"zElevation": 0
					}
				},
				{
					"type": "Sprite3",
					"properties": {
						"initially-visible": true,
						"initial-animation": "Animation 1",
						"initial-frame": 0,
						"enable-collisions": true,
						"live-preview": false
					},
					"uid": 367,
					"sid": 803834966957920,
					"tags": "",
					"instanceVariables": {},
					"behaviors": {},
					"showing": true,
					"locked": false,
					"world": {
						"x": 582,
						"y": 835,
						"width": 56.57887712771893,
						"height": 111.33262918680177,
						"originX": 0.5,
						"originY": 0.5,
						"color": [
							1,
							1,
							1,
							1
						],
						"angle": 0,
						"zElevation": 0
					}
				},
				{
					"type": "Sprite3",
					"properties": {
						"initially-visible": true,
						"initial-animation": "Animation 1",
						"initial-frame": 0,
						"enable-collisions": true,
						"live-preview": false
					},
					"uid": 368,
					"sid": 511008394745281,
					"tags": "",
					"instanceVariables": {},
					"behaviors": {},
					"showing": true,
					"locked": false,
					"world": {
						"x": 582,
						"y": 751,
						"width": 56.57887712771893,
						"height": 111.33262918680177,
						"originX": 0.5,
						"originY": 0.5,
						"color": [
							1,
							1,
							1,
							1
						],
						"angle": 0,
						"zElevation": 0
					}
				},
				{
					"type": "Sprite3",
					"properties": {
						"initially-visible": true,
						"initial-animation": "Animation 1",
						"initial-frame": 0,
						"enable-collisions": true,
						"live-preview": false
					},
					"uid": 369,
					"sid": 515442958462080,
					"tags": "",
					"instanceVariables": {},
					"behaviors": {},
					"showing": true,
					"locked": false,
					"world": {
						"x": 582,
						"y": 667,
						"width": 56.57887712771893,
						"height": 111.33262918680177,
						"originX": 0.5,
						"originY": 0.5,
						"color": [
							1,
							1,
							1,
							1
						],
						"angle": 0,
						"zElevation": 0
					}
				},
				{
					"type": "Sprite5",
					"properties": {
						"initially-visible": true,
						"initial-animation": "Animation 1",
						"initial-frame": 0,
						"enable-collisions": true,
						"live-preview": false
					},
					"uid": 370,
					"sid": 246446679437038,
					"tags": "",
					"instanceVariables": {},
					"behaviors": {
						"Solid": {
							"properties": {
								"enabled": true,
								"tags": ""
							}
						}
					},
					"showing": true,
					"locked": false,
					"world": {
						"x": 487,
						"y": 630,
						"width": 40.05547060193453,
						"height": 52.07211178251489,
						"originX": 0.5,
						"originY": 0.5,
						"color": [
							1,
							1,
							1,
							1
						],
						"angle": 0,
						"zElevation": 0
					}
				},
				{
					"type": "Sprite5",
					"properties": {
						"initially-visible": true,
						"initial-animation": "Animation 1",
						"initial-frame": 0,
						"enable-collisions": true,
						"live-preview": false
					},
					"uid": 371,
					"sid": 736030023096974,
					"tags": "",
					"instanceVariables": {},
					"behaviors": {
						"Solid": {
							"properties": {
								"enabled": true,
								"tags": ""
							}
						}
					},
					"showing": true,
					"locked": false,
					"world": {
						"x": 512,
						"y": 630,
						"width": 40.05547060193453,
						"height": 52.07211178251489,
						"originX": 0.5,
						"originY": 0.5,
						"color": [
							1,
							1,
							1,
							1
						],
						"angle": 0,
						"zElevation": 0
					}
				},
				{
					"type": "Sprite4",
					"properties": {
						"initially-visible": true,
						"initial-animation": "Animation 1",
						"initial-frame": 0,
						"enable-collisions": true,
						"live-preview": false
					},
					"uid": 372,
					"sid": 530546296953507,
					"tags": "",
					"instanceVariables": {},
					"behaviors": {
						"Solid": {
							"properties": {
								"enabled": true,
								"tags": ""
							}
						}
					},
					"showing": true,
					"locked": false,
					"world": {
						"x": 576,
						"y": 630,
						"width": 109.62435860701763,
						"height": 59.795104694736885,
						"originX": 0.5,
						"originY": 0.5,
						"color": [
							1,
							1,
							1,
							1
						],
						"angle": 0,
						"zElevation": 0
					}
				},
				{
					"type": "Sprite5",
					"properties": {
						"initially-visible": true,
						"initial-animation": "Animation 1",
						"initial-frame": 0,
						"enable-collisions": true,
						"live-preview": false
					},
					"uid": 373,
					"sid": 701596831978969,
					"tags": "",
					"instanceVariables": {},
					"behaviors": {
						"Solid": {
							"properties": {
								"enabled": true,
								"tags": ""
							}
						}
					},
					"showing": true,
					"locked": false,
					"world": {
						"x": 549,
						"y": 630,
						"width": 40.05547060193453,
						"height": 52.07211178251489,
						"originX": 0.5,
						"originY": 0.5,
						"color": [
							1,
							1,
							1,
							1
						],
						"angle": 0,
						"zElevation": 0
					}
				},
				{
					"type": "Sprite2",
					"properties": {
						"initially-visible": true,
						"initial-animation": "Animation 1",
						"initial-frame": 0,
						"enable-collisions": true,
						"live-preview": false
					},
					"uid": 375,
					"sid": 608963342029947,
					"tags": "",
					"instanceVariables": {},
					"behaviors": {},
					"showing": true,
					"locked": false,
					"world": {
						"x": 794,
						"y": 1151,
						"width": 187.5628700793855,
						"height": 1039.9089994415951,
						"originX": 0.5,
						"originY": 0.5,
						"color": [
							1,
							1,
							1,
							1
						],
						"angle": 0,
						"zElevation": 0
					}
				},
				{
					"type": "Sprite",
					"properties": {
						"initially-visible": true,
						"initial-animation": "Animation 1",
						"initial-frame": 0,
						"enable-collisions": true,
						"live-preview": false
					},
					"uid": 376,
					"sid": 680226937377194,
					"tags": "",
					"instanceVariables": {},
					"behaviors": {},
					"showing": true,
					"locked": false,
					"world": {
						"x": 699,
						"y": 1368,
						"width": 58.31871847979217,
						"height": 114.75618797636524,
						"originX": 0.5,
						"originY": 0.5,
						"color": [
							1,
							1,
							1,
							1
						],
						"angle": 0,
						"zElevation": 0
					}
				},
				{
					"type": "Sprite",
					"properties": {
						"initially-visible": true,
						"initial-animation": "Animation 1",
						"initial-frame": 0,
						"enable-collisions": true,
						"live-preview": false
					},
					"uid": 377,
					"sid": 381100511073338,
					"tags": "",
					"instanceVariables": {},
					"behaviors": {},
					"showing": true,
					"locked": false,
					"world": {
						"x": 700,
						"y": 1457,
						"width": 58.31871847979217,
						"height": 114.75618797636524,
						"originX": 0.5,
						"originY": 0.5,
						"color": [
							1,
							1,
							1,
							1
						],
						"angle": 0,
						"zElevation": 0
					}
				},
				{
					"type": "Sprite",
					"properties": {
						"initially-visible": true,
						"initial-animation": "Animation 1",
						"initial-frame": 0,
						"enable-collisions": true,
						"live-preview": false
					},
					"uid": 378,
					"sid": 514723972883413,
					"tags": "",
					"instanceVariables": {},
					"behaviors": {},
					"showing": true,
					"locked": false,
					"world": {
						"x": 699,
						"y": 1546,
						"width": 58.31871847979217,
						"height": 114.75618797636524,
						"originX": 0.5,
						"originY": 0.5,
						"color": [
							1,
							1,
							1,
							1
						],
						"angle": 0,
						"zElevation": 0
					}
				},
				{
					"type": "Sprite",
					"properties": {
						"initially-visible": true,
						"initial-animation": "Animation 1",
						"initial-frame": 0,
						"enable-collisions": true,
						"live-preview": false
					},
					"uid": 379,
					"sid": 439278536543864,
					"tags": "",
					"instanceVariables": {},
					"behaviors": {},
					"showing": true,
					"locked": false,
					"world": {
						"x": 699,
						"y": 1016,
						"width": 58.31871847979217,
						"height": 114.75618797636524,
						"originX": 0.5,
						"originY": 0.5,
						"color": [
							1,
							1,
							1,
							1
						],
						"angle": 0,
						"zElevation": 0
					}
				},
				{
					"type": "Sprite",
					"properties": {
						"initially-visible": true,
						"initial-animation": "Animation 1",
						"initial-frame": 0,
						"enable-collisions": true,
						"live-preview": false
					},
					"uid": 380,
					"sid": 840431743920421,
					"tags": "",
					"instanceVariables": {},
					"behaviors": {},
					"showing": true,
					"locked": false,
					"world": {
						"x": 699,
						"y": 1105,
						"width": 58.31871847979217,
						"height": 114.75618797636524,
						"originX": 0.5,
						"originY": 0.5,
						"color": [
							1,
							1,
							1,
							1
						],
						"angle": 0,
						"zElevation": 0
					}
				},
				{
					"type": "Sprite",
					"properties": {
						"initially-visible": true,
						"initial-animation": "Animation 1",
						"initial-frame": 0,
						"enable-collisions": true,
						"live-preview": false
					},
					"uid": 381,
					"sid": 352225916934510,
					"tags": "",
					"instanceVariables": {},
					"behaviors": {},
					"showing": true,
					"locked": false,
					"world": {
						"x": 699,
						"y": 1193,
						"width": 58.31871847979217,
						"height": 114.75618797636524,
						"originX": 0.5,
						"originY": 0.5,
						"color": [
							1,
							1,
							1,
							1
						],
						"angle": 0,
						"zElevation": 0
					}
				},
				{
					"type": "Sprite",
					"properties": {
						"initially-visible": true,
						"initial-animation": "Animation 1",
						"initial-frame": 0,
						"enable-collisions": true,
						"live-preview": false
					},
					"uid": 382,
					"sid": 200333403410078,
					"tags": "",
					"instanceVariables": {},
					"behaviors": {},
					"showing": true,
					"locked": false,
					"world": {
						"x": 699,
						"y": 1278,
						"width": 58.31871847979217,
						"height": 114.75618797636524,
						"originX": 0.5,
						"originY": 0.5,
						"color": [
							1,
							1,
							1,
							1
						],
						"angle": 0,
						"zElevation": 0
					}
				},
				{
					"type": "Sprite",
					"properties": {
						"initially-visible": true,
						"initial-animation": "Animation 1",
						"initial-frame": 0,
						"enable-collisions": true,
						"live-preview": false
					},
					"uid": 383,
					"sid": 996418697745388,
					"tags": "",
					"instanceVariables": {},
					"behaviors": {},
					"showing": true,
					"locked": false,
					"world": {
						"x": 699,
						"y": 666,
						"width": 58.31871847979217,
						"height": 114.75618797636524,
						"originX": 0.5,
						"originY": 0.5,
						"color": [
							1,
							1,
							1,
							1
						],
						"angle": 0,
						"zElevation": 0
					}
				},
				{
					"type": "Sprite",
					"properties": {
						"initially-visible": true,
						"initial-animation": "Animation 1",
						"initial-frame": 0,
						"enable-collisions": true,
						"live-preview": false
					},
					"uid": 384,
					"sid": 291535080684474,
					"tags": "",
					"instanceVariables": {},
					"behaviors": {},
					"showing": true,
					"locked": false,
					"world": {
						"x": 699,
						"y": 755,
						"width": 58.31871847979217,
						"height": 114.75618797636524,
						"originX": 0.5,
						"originY": 0.5,
						"color": [
							1,
							1,
							1,
							1
						],
						"angle": 0,
						"zElevation": 0
					}
				},
				{
					"type": "Sprite",
					"properties": {
						"initially-visible": true,
						"initial-animation": "Animation 1",
						"initial-frame": 0,
						"enable-collisions": true,
						"live-preview": false
					},
					"uid": 385,
					"sid": 582696188362977,
					"tags": "",
					"instanceVariables": {},
					"behaviors": {},
					"showing": true,
					"locked": false,
					"world": {
						"x": 699,
						"y": 843,
						"width": 58.31871847979217,
						"height": 114.75618797636524,
						"originX": 0.5,
						"originY": 0.5,
						"color": [
							1,
							1,
							1,
							1
						],
						"angle": 0,
						"zElevation": 0
					}
				},
				{
					"type": "Sprite",
					"properties": {
						"initially-visible": true,
						"initial-animation": "Animation 1",
						"initial-frame": 0,
						"enable-collisions": true,
						"live-preview": false
					},
					"uid": 386,
					"sid": 513956664153630,
					"tags": "",
					"instanceVariables": {},
					"behaviors": {},
					"showing": true,
					"locked": false,
					"world": {
						"x": 699,
						"y": 928,
						"width": 58.31871847979217,
						"height": 114.75618797636524,
						"originX": 0.5,
						"originY": 0.5,
						"color": [
							1,
							1,
							1,
							1
						],
						"angle": 0,
						"zElevation": 0
					}
				},
				{
					"type": "Sprite3",
					"properties": {
						"initially-visible": true,
						"initial-animation": "Animation 1",
						"initial-frame": 0,
						"enable-collisions": true,
						"live-preview": false
					},
					"uid": 387,
					"sid": 380927035496018,
					"tags": "",
					"instanceVariables": {},
					"behaviors": {},
					"showing": true,
					"locked": false,
					"world": {
						"x": 885,
						"y": 1501,
						"width": 56.57887712771893,
						"height": 111.33262918680177,
						"originX": 0.5,
						"originY": 0.5,
						"color": [
							1,
							1,
							1,
							1
						],
						"angle": 0,
						"zElevation": 0
					}
				},
				{
					"type": "Sprite3",
					"properties": {
						"initially-visible": true,
						"initial-animation": "Animation 1",
						"initial-frame": 0,
						"enable-collisions": true,
						"live-preview": false
					},
					"uid": 388,
					"sid": 515261109342819,
					"tags": "",
					"instanceVariables": {},
					"behaviors": {},
					"showing": true,
					"locked": false,
					"world": {
						"x": 885,
						"y": 1417,
						"width": 56.57887712771893,
						"height": 111.33262918680177,
						"originX": 0.5,
						"originY": 0.5,
						"color": [
							1,
							1,
							1,
							1
						],
						"angle": 0,
						"zElevation": 0
					}
				},
				{
					"type": "Sprite3",
					"properties": {
						"initially-visible": true,
						"initial-animation": "Animation 1",
						"initial-frame": 0,
						"enable-collisions": true,
						"live-preview": false
					},
					"uid": 389,
					"sid": 324761271878331,
					"tags": "",
					"instanceVariables": {},
					"behaviors": {},
					"showing": true,
					"locked": false,
					"world": {
						"x": 885,
						"y": 1334,
						"width": 56.57887712771893,
						"height": 111.33262918680177,
						"originX": 0.5,
						"originY": 0.5,
						"color": [
							1,
							1,
							1,
							1
						],
						"angle": 0,
						"zElevation": 0
					}
				},
				{
					"type": "Sprite3",
					"properties": {
						"initially-visible": true,
						"initial-animation": "Animation 1",
						"initial-frame": 0,
						"enable-collisions": true,
						"live-preview": false
					},
					"uid": 390,
					"sid": 128568153872262,
					"tags": "",
					"instanceVariables": {},
					"behaviors": {},
					"showing": true,
					"locked": false,
					"world": {
						"x": 885,
						"y": 1250,
						"width": 56.57887712771893,
						"height": 111.33262918680177,
						"originX": 0.5,
						"originY": 0.5,
						"color": [
							1,
							1,
							1,
							1
						],
						"angle": 0,
						"zElevation": 0
					}
				},
				{
					"type": "Sprite3",
					"properties": {
						"initially-visible": true,
						"initial-animation": "Animation 1",
						"initial-frame": 0,
						"enable-collisions": true,
						"live-preview": false
					},
					"uid": 391,
					"sid": 102013956854724,
					"tags": "",
					"instanceVariables": {},
					"behaviors": {},
					"showing": true,
					"locked": false,
					"world": {
						"x": 885,
						"y": 1165,
						"width": 56.57887712771893,
						"height": 111.33262918680177,
						"originX": 0.5,
						"originY": 0.5,
						"color": [
							1,
							1,
							1,
							1
						],
						"angle": 0,
						"zElevation": 0
					}
				},
				{
					"type": "Sprite3",
					"properties": {
						"initially-visible": true,
						"initial-animation": "Animation 1",
						"initial-frame": 0,
						"enable-collisions": true,
						"live-preview": false
					},
					"uid": 392,
					"sid": 881126554830017,
					"tags": "",
					"instanceVariables": {},
					"behaviors": {},
					"showing": true,
					"locked": false,
					"world": {
						"x": 885,
						"y": 1081,
						"width": 56.57887712771893,
						"height": 111.33262918680177,
						"originX": 0.5,
						"originY": 0.5,
						"color": [
							1,
							1,
							1,
							1
						],
						"angle": 0,
						"zElevation": 0
					}
				},
				{
					"type": "Sprite3",
					"properties": {
						"initially-visible": true,
						"initial-animation": "Animation 1",
						"initial-frame": 0,
						"enable-collisions": true,
						"live-preview": false
					},
					"uid": 393,
					"sid": 270846697536904,
					"tags": "",
					"instanceVariables": {},
					"behaviors": {},
					"showing": true,
					"locked": false,
					"world": {
						"x": 885,
						"y": 998,
						"width": 56.57887712771893,
						"height": 111.33262918680177,
						"originX": 0.5,
						"originY": 0.5,
						"color": [
							1,
							1,
							1,
							1
						],
						"angle": 0,
						"zElevation": 0
					}
				},
				{
					"type": "Sprite3",
					"properties": {
						"initially-visible": true,
						"initial-animation": "Animation 1",
						"initial-frame": 0,
						"enable-collisions": true,
						"live-preview": false
					},
					"uid": 394,
					"sid": 552244915845980,
					"tags": "",
					"instanceVariables": {},
					"behaviors": {},
					"showing": true,
					"locked": false,
					"world": {
						"x": 885,
						"y": 914,
						"width": 56.57887712771893,
						"height": 111.33262918680177,
						"originX": 0.5,
						"originY": 0.5,
						"color": [
							1,
							1,
							1,
							1
						],
						"angle": 0,
						"zElevation": 0
					}
				},
				{
					"type": "Sprite3",
					"properties": {
						"initially-visible": true,
						"initial-animation": "Animation 1",
						"initial-frame": 0,
						"enable-collisions": true,
						"live-preview": false
					},
					"uid": 395,
					"sid": 600258828127832,
					"tags": "",
					"instanceVariables": {},
					"behaviors": {},
					"showing": true,
					"locked": false,
					"world": {
						"x": 885,
						"y": 832,
						"width": 56.57887712771893,
						"height": 111.33262918680177,
						"originX": 0.5,
						"originY": 0.5,
						"color": [
							1,
							1,
							1,
							1
						],
						"angle": 0,
						"zElevation": 0
					}
				},
				{
					"type": "Sprite3",
					"properties": {
						"initially-visible": true,
						"initial-animation": "Animation 1",
						"initial-frame": 0,
						"enable-collisions": true,
						"live-preview": false
					},
					"uid": 396,
					"sid": 814949562835677,
					"tags": "",
					"instanceVariables": {},
					"behaviors": {},
					"showing": true,
					"locked": false,
					"world": {
						"x": 885,
						"y": 748,
						"width": 56.57887712771893,
						"height": 111.33262918680177,
						"originX": 0.5,
						"originY": 0.5,
						"color": [
							1,
							1,
							1,
							1
						],
						"angle": 0,
						"zElevation": 0
					}
				},
				{
					"type": "Sprite3",
					"properties": {
						"initially-visible": true,
						"initial-animation": "Animation 1",
						"initial-frame": 0,
						"enable-collisions": true,
						"live-preview": false
					},
					"uid": 397,
					"sid": 309615019748395,
					"tags": "",
					"instanceVariables": {},
					"behaviors": {},
					"showing": true,
					"locked": false,
					"world": {
						"x": 885,
						"y": 664,
						"width": 56.57887712771893,
						"height": 111.33262918680177,
						"originX": 0.5,
						"originY": 0.5,
						"color": [
							1,
							1,
							1,
							1
						],
						"angle": 0,
						"zElevation": 0
					}
				},
				{
					"type": "Sprite5",
					"properties": {
						"initially-visible": true,
						"initial-animation": "Animation 1",
						"initial-frame": 0,
						"enable-collisions": true,
						"live-preview": false
					},
					"uid": 398,
					"sid": 498913127110127,
					"tags": "",
					"instanceVariables": {},
					"behaviors": {
						"Solid": {
							"properties": {
								"enabled": true,
								"tags": ""
							}
						}
					},
					"showing": true,
					"locked": false,
					"world": {
						"x": 790,
						"y": 627,
						"width": 40.05547060193453,
						"height": 52.07211178251489,
						"originX": 0.5,
						"originY": 0.5,
						"color": [
							1,
							1,
							1,
							1
						],
						"angle": 0,
						"zElevation": 0
					}
				},
				{
					"type": "Sprite5",
					"properties": {
						"initially-visible": true,
						"initial-animation": "Animation 1",
						"initial-frame": 0,
						"enable-collisions": true,
						"live-preview": false
					},
					"uid": 399,
					"sid": 589969910212537,
					"tags": "",
					"instanceVariables": {},
					"behaviors": {
						"Solid": {
							"properties": {
								"enabled": true,
								"tags": ""
							}
						}
					},
					"showing": true,
					"locked": false,
					"world": {
						"x": 815,
						"y": 627,
						"width": 40.05547060193453,
						"height": 52.07211178251489,
						"originX": 0.5,
						"originY": 0.5,
						"color": [
							1,
							1,
							1,
							1
						],
						"angle": 0,
						"zElevation": 0
					}
				},
				{
					"type": "Sprite4",
					"properties": {
						"initially-visible": true,
						"initial-animation": "Animation 1",
						"initial-frame": 0,
						"enable-collisions": true,
						"live-preview": false
					},
					"uid": 401,
					"sid": 227452248178303,
					"tags": "",
					"instanceVariables": {},
					"behaviors": {
						"Solid": {
							"properties": {
								"enabled": true,
								"tags": ""
							}
						}
					},
					"showing": true,
					"locked": false,
					"world": {
						"x": 715,
						"y": 627,
						"width": 109.62435860701763,
						"height": 59.795104694736885,
						"originX": 0.5,
						"originY": 0.5,
						"color": [
							1,
							1,
							1,
							1
						],
						"angle": 0,
						"zElevation": 0
					}
				},
				{
					"type": "Sprite5",
					"properties": {
						"initially-visible": true,
						"initial-animation": "Animation 1",
						"initial-frame": 0,
						"enable-collisions": true,
						"live-preview": false
					},
					"uid": 402,
					"sid": 120782580680990,
					"tags": "",
					"instanceVariables": {},
					"behaviors": {
						"Solid": {
							"properties": {
								"enabled": true,
								"tags": ""
							}
						}
					},
					"showing": true,
					"locked": false,
					"world": {
						"x": 752,
						"y": 627,
						"width": 40.05547060193453,
						"height": 52.07211178251489,
						"originX": 0.5,
						"originY": 0.5,
						"color": [
							1,
							1,
							1,
							1
						],
						"angle": 0,
						"zElevation": 0
					}
				},
				{
					"type": "Sprite28",
					"properties": {
						"initially-visible": true,
						"initial-animation": "Animation 1",
						"initial-frame": 0,
						"enable-collisions": true,
						"live-preview": false
					},
					"uid": 405,
					"sid": 455461762700749,
					"tags": "",
					"instanceVariables": {},
					"behaviors": {},
					"showing": true,
					"locked": false,
					"world": {
						"x": 601,
						"y": 697,
						"width": 33.65714777431255,
						"height": 121.68353426097615,
						"originX": 0.5,
						"originY": 0.5,
						"color": [
							1,
							1,
							1,
							1
						],
						"angle": 0,
						"zElevation": 0
					}
				},
				{
					"type": "Sprite29",
					"properties": {
						"initially-visible": true,
						"initial-animation": "Animation 1",
						"initial-frame": 0,
						"enable-collisions": true,
						"live-preview": false
					},
					"uid": 406,
					"sid": 833630060962144,
					"tags": "",
					"instanceVariables": {},
					"behaviors": {},
					"showing": true,
					"locked": false,
					"world": {
						"x": 688,
						"y": 726,
						"width": 51.444144467567924,
						"height": 205.7765778702717,
						"originX": 0.5,
						"originY": 0.5,
						"color": [
							1,
							1,
							1,
							1
						],
						"angle": 0,
						"zElevation": 0
					}
				},
				{
					"type": "Sprite24",
					"properties": {
						"initially-visible": true,
						"initial-animation": "Animation 1",
						"initial-frame": 0,
						"enable-collisions": true,
						"live-preview": false
					},
					"uid": 407,
					"sid": 119106057962885,
					"tags": "",
					"instanceVariables": {},
					"behaviors": {},
					"showing": true,
					"locked": false,
					"world": {
						"x": 492,
						"y": 749,
						"width": 105.32291561945713,
						"height": 135.16440837830334,
						"originX": 0.5,
						"originY": 0.5,
						"color": [
							1,
							1,
							1,
							1
						],
						"angle": 0,
						"zElevation": 0
					}
				},
				{
					"type": "Sprite23",
					"properties": {
						"initially-visible": true,
						"initial-animation": "Animation 1",
						"initial-frame": 0,
						"enable-collisions": true,
						"live-preview": false
					},
					"uid": 408,
					"sid": 683863137390780,
					"tags": "",
					"instanceVariables": {},
					"behaviors": {},
					"showing": true,
					"locked": false,
					"world": {
						"x": 491,
						"y": 889,
						"width": 101.76802255659251,
						"height": 134.5407755832918,
						"originX": 0.5,
						"originY": 0.5,
						"color": [
							1,
							1,
							1,
							1
						],
						"angle": 0,
						"zElevation": 0
					}
				},
				{
					"type": "Sprite6",
					"properties": {
						"initially-visible": true,
						"initial-animation": "Animation 1",
						"initial-frame": 0,
						"enable-collisions": true,
						"live-preview": false
					},
					"uid": 409,
					"sid": 350117041223157,
					"tags": "",
					"instanceVariables": {},
					"behaviors": {},
					"showing": true,
					"locked": false,
					"world": {
						"x": 790,
						"y": 729,
						"width": 85.45479354097367,
						"height": 93.59334530678069,
						"originX": 0.5,
						"originY": 0.5,
						"color": [
							1,
							1,
							1,
							1
						],
						"angle": 0,
						"zElevation": 0
					}
				},
				{
					"type": "Sprite6",
					"properties": {
						"initially-visible": true,
						"initial-animation": "Animation 1",
						"initial-frame": 0,
						"enable-collisions": true,
						"live-preview": false
					},
					"uid": 410,
					"sid": 560368469624843,
					"tags": "",
					"instanceVariables": {},
					"behaviors": {},
					"showing": true,
					"locked": false,
					"world": {
						"x": 789,
						"y": 869,
						"width": 85.45479354097367,
						"height": 93.59334530678069,
						"originX": 0.5,
						"originY": 0.5,
						"color": [
							1,
							1,
							1,
							1
						],
						"angle": 0,
						"zElevation": 0
					}
				},
				{
					"type": "Sprite4",
					"properties": {
						"initially-visible": true,
						"initial-animation": "Animation 1",
						"initial-frame": 0,
						"enable-collisions": true,
						"live-preview": false
					},
					"uid": 403,
					"sid": 890545609680111,
					"tags": "",
					"instanceVariables": {},
					"behaviors": {
						"Solid": {
							"properties": {
								"enabled": true,
								"tags": ""
							}
						}
					},
					"showing": true,
					"locked": false,
					"world": {
						"x": 403.71315723775797,
						"y": 630.7462336800928,
						"width": 109.62435860701763,
						"height": 59.795104694736885,
						"originX": 0.5,
						"originY": 0.5,
						"color": [
							1,
							1,
							1,
							1
						],
						"angle": 0,
						"zElevation": 0
					}
				},
				{
					"type": "Sprite5",
					"properties": {
						"initially-visible": true,
						"initial-animation": "Animation 1",
						"initial-frame": 0,
						"enable-collisions": true,
						"live-preview": false
					},
					"uid": 374,
					"sid": 324511422175390,
					"tags": "",
					"instanceVariables": {},
					"behaviors": {
						"Solid": {
							"properties": {
								"enabled": true,
								"tags": ""
							}
						}
					},
					"showing": true,
					"locked": false,
					"world": {
						"x": 449,
						"y": 630,
						"width": 40.05547060193453,
						"height": 52.07211178251489,
						"originX": 0.5,
						"originY": 0.5,
						"color": [
							1,
							1,
							1,
							1
						],
						"angle": 0,
						"zElevation": 0
					}
				},
				{
					"type": "Sprite4",
					"properties": {
						"initially-visible": true,
						"initial-animation": "Animation 1",
						"initial-frame": 0,
						"enable-collisions": true,
						"live-preview": false
					},
					"uid": 404,
					"sid": 235107702143941,
					"tags": "",
					"instanceVariables": {},
					"behaviors": {
						"Solid": {
							"properties": {
								"enabled": true,
								"tags": ""
							}
						}
					},
					"showing": true,
					"locked": false,
					"world": {
						"x": 884.2711910226718,
						"y": 626.49830726662,
						"width": 109.62435860701763,
						"height": 59.795104694736885,
						"originX": 0.5,
						"originY": 0.5,
						"color": [
							1,
							1,
							1,
							1
						],
						"angle": 0,
						"zElevation": 0
					}
				},
				{
					"type": "Sprite5",
					"properties": {
						"initially-visible": true,
						"initial-animation": "Animation 1",
						"initial-frame": 0,
						"enable-collisions": true,
						"live-preview": false
					},
					"uid": 400,
					"sid": 591524271991414,
					"tags": "",
					"instanceVariables": {},
					"behaviors": {
						"Solid": {
							"properties": {
								"enabled": true,
								"tags": ""
							}
						}
					},
					"showing": true,
					"locked": false,
					"world": {
						"x": 852,
						"y": 627,
						"width": 40.05547060193453,
						"height": 52.07211178251489,
						"originX": 0.5,
						"originY": 0.5,
						"color": [
							1,
							1,
							1,
							1
						],
						"angle": 0,
						"zElevation": 0
					}
				},
				{
					"type": "Sprite31",
					"properties": {
						"initially-visible": true,
						"initial-animation": "Animation 1",
						"initial-frame": 0,
						"enable-collisions": true,
						"live-preview": false
					},
					"uid": 1372,
					"sid": 239666523780180,
					"tags": "",
					"instanceVariables": {},
					"behaviors": {},
					"showing": true,
					"locked": false,
					"world": {
						"x": 642,
						"y": 450,
						"width": 371.7547578713688,
						"height": 38.72445394493425,
						"originX": 0.5,
						"originY": 0.5,
						"color": [
							1,
							1,
							1,
							1
						],
						"angle": 0,
						"zElevation": 0
					}
				}
			],
			"sid": 484368874590273,
			"effectTypes": [],
			"isInitiallyVisible": true,
			"isInitiallyInteractive": true,
			"isHTMLElementsLayer": false,
			"color": [
				1,
				1,
				1,
				1
			],
			"backgroundColor": [
				0.3686274509803922,
				0.3686274509803922,
				0.3686274509803922,
				1
			],
			"isTransparent": true,
			"parallaxX": 1,
			"parallaxY": 1,
			"scaleRate": 1,
			"forceOwnTexture": false,
			"renderingMode": "3d",
			"drawOrder": "z-order",
			"useRenderCells": false,
			"blendMode": "normal",
			"zElevation": 0,
			"global": false
		}
	],
	"scene-graphs-folder-root": {
		"items": [],
		"subfolders": []
	},
	"sid": 734833170162220,
	"nonworld-instances": [],
	"effectTypes": [],
	"width": 2560,
	"height": 1440,
	"unboundedScrolling": false,
	"vpX": 0.5,
	"vpY": 0.5,
	"projection": "perspective",
	"eventSheet": "Start Event"
}