{
	"name": "Quiz 3",
	"layers": [
		{
			"name": "background",
			"overriden": 0,
			"subLayers": [],
			"instances": [
				{
					"type": "TiledBackground",
					"properties": {
						"initially-visible": true,
						"origin": "top-left",
						"wrap-horizontal": "repeat",
						"wrap-vertical": "repeat",
						"image-offset-x": 0,
						"image-offset-y": 0,
						"image-scale-x": 1,
						"image-scale-y": 1,
						"image-angle": 0,
						"enable-tile-randomization": false,
						"x-random": 1,
						"y-random": 1,
						"angle-random": 1,
						"blend-margin-x": 0.1,
						"blend-margin-y": 0.1
					},
					"uid": 1458,
					"sid": 909332743373819,
					"tags": "",
					"instanceVariables": {},
					"behaviors": {},
					"showing": true,
					"locked": false,
					"world": {
						"x": -159,
						"y": -62,
						"width": 2581,
						"height": 864,
						"originX": 0,
						"originY": 0,
						"color": [
							1,
							1,
							1,
							1
						],
						"angle": 0,
						"zElevation": 0
					}
				}
			],
			"sid": 501908771598043,
			"effectTypes": [],
			"isInitiallyVisible": true,
			"isInitiallyInteractive": true,
			"isHTMLElementsLayer": false,
			"color": [
				1,
				1,
				1,
				1
			],
			"backgroundColor": [
				0.3686274509803922,
				0.3686274509803922,
				0.3686274509803922,
				1
			],
			"isTransparent": false,
			"parallaxX": 1,
			"parallaxY": 1,
			"scaleRate": 1,
			"forceOwnTexture": false,
			"renderingMode": "3d",
			"drawOrder": "z-order",
			"useRenderCells": false,
			"blendMode": "normal",
			"zElevation": 0,
			"global": false
		},
		{
			"name": "quiz",
			"overriden": 0,
			"subLayers": [],
			"instances": [
				{
					"type": "question",
					"properties": {
						"text": "Which of the following best describes a Distributed Denial of Service (DDoS) attack?",
						"enable-bbcode": true,
						"font": "Impact",
						"size": 22,
						"line-height": 0,
						"bold": false,
						"italic": false,
						"color": [
							1,
							1,
							1,
							1
						],
						"horizontal-alignment": "center",
						"vertical-alignment": "top",
						"wrapping": "word",
						"text-direction": "ltr",
						"icon-set": -1,
						"initially-visible": true,
						"origin": "top-left",
						"read-aloud": false
					},
					"uid": 1459,
					"sid": 825497902425876,
					"tags": "",
					"instanceVariables": {},
					"behaviors": {},
					"showing": true,
					"locked": false,
					"world": {
						"x": 243,
						"y": 187,
						"width": 829,
						"height": 80,
						"originX": 0,
						"originY": 0,
						"color": [
							1,
							1,
							1,
							1
						],
						"angle": 0,
						"zElevation": 0
					}
				},
				{
					"type": "timer",
					"properties": {
						"text": "Timer : ",
						"enable-bbcode": true,
						"font": "Elephant",
						"size": 23,
						"line-height": 0,
						"bold": false,
						"italic": false,
						"color": [
							0.9294117647058824,
							0.027450980392156862,
							0.027450980392156862,
							1
						],
						"horizontal-alignment": "left",
						"vertical-alignment": "top",
						"wrapping": "word",
						"text-direction": "ltr",
						"icon-set": -1,
						"initially-visible": true,
						"origin": "top-left",
						"read-aloud": false
					},
					"uid": 1460,
					"sid": 232188441514111,
					"tags": "",
					"instanceVariables": {
						"Variable1": 30
					},
					"behaviors": {},
					"showing": true,
					"locked": false,
					"world": {
						"x": 1016,
						"y": 67,
						"width": 195,
						"height": 48,
						"originX": 0,
						"originY": 0,
						"color": [
							1,
							1,
							1,
							1
						],
						"angle": 0,
						"zElevation": 0
					}
				},
				{
					"type": "wall",
					"properties": {
						"initially-visible": true,
						"initial-animation": "Animation 1",
						"initial-frame": 0,
						"enable-collisions": true,
						"live-preview": false
					},
					"uid": 1461,
					"sid": 609126200379274,
					"tags": "",
					"instanceVariables": {},
					"behaviors": {
						"Solid": {
							"properties": {
								"enabled": true,
								"tags": ""
							}
						}
					},
					"showing": true,
					"locked": false,
					"world": {
						"x": 460.5,
						"y": 377,
						"width": 267,
						"height": 75,
						"originX": 0.5,
						"originY": 0.5,
						"color": [
							1,
							1,
							1,
							1
						],
						"angle": 0,
						"zElevation": 0
					}
				},
				{
					"type": "wall",
					"properties": {
						"initially-visible": true,
						"initial-animation": "Animation 1",
						"initial-frame": 0,
						"enable-collisions": true,
						"live-preview": false
					},
					"uid": 1462,
					"sid": 240890627802788,
					"tags": "",
					"instanceVariables": {},
					"behaviors": {
						"Solid": {
							"properties": {
								"enabled": true,
								"tags": ""
							}
						}
					},
					"showing": true,
					"locked": false,
					"world": {
						"x": 872,
						"y": 376.5,
						"width": 300,
						"height": 76,
						"originX": 0.5,
						"originY": 0.5,
						"color": [
							1,
							1,
							1,
							1
						],
						"angle": 0,
						"zElevation": 0
					}
				},
				{
					"type": "wall",
					"properties": {
						"initially-visible": true,
						"initial-animation": "Animation 1",
						"initial-frame": 0,
						"enable-collisions": true,
						"live-preview": false
					},
					"uid": 1463,
					"sid": 532254754531563,
					"tags": "",
					"instanceVariables": {},
					"behaviors": {
						"Solid": {
							"properties": {
								"enabled": true,
								"tags": ""
							}
						}
					},
					"showing": true,
					"locked": false,
					"world": {
						"x": 465,
						"y": 507,
						"width": 269,
						"height": 76,
						"originX": 0.5,
						"originY": 0.5,
						"color": [
							1,
							1,
							1,
							1
						],
						"angle": 0,
						"zElevation": 0
					}
				},
				{
					"type": "wall",
					"properties": {
						"initially-visible": true,
						"initial-animation": "Animation 1",
						"initial-frame": 0,
						"enable-collisions": true,
						"live-preview": false
					},
					"uid": 1464,
					"sid": 991466035070737,
					"tags": "",
					"instanceVariables": {},
					"behaviors": {
						"Solid": {
							"properties": {
								"enabled": true,
								"tags": ""
							}
						}
					},
					"showing": true,
					"locked": false,
					"world": {
						"x": 878,
						"y": 508.5,
						"width": 304,
						"height": 94,
						"originX": 0.5,
						"originY": 0.5,
						"color": [
							1,
							1,
							1,
							1
						],
						"angle": 0,
						"zElevation": 0
					}
				},
				{
					"type": "correct",
					"properties": {
						"text": "To detect and alert on potential security breaches",
						"enable-bbcode": true,
						"font": "Impact",
						"size": 22,
						"line-height": 0,
						"bold": false,
						"italic": false,
						"color": [
							1,
							1,
							1,
							1
						],
						"horizontal-alignment": "left",
						"vertical-alignment": "top",
						"wrapping": "word",
						"text-direction": "ltr",
						"icon-set": -1,
						"initially-visible": true,
						"origin": "top-left",
						"read-aloud": false
					},
					"uid": 1465,
					"sid": 107302458560808,
					"tags": "",
					"instanceVariables": {},
					"behaviors": {},
					"showing": true,
					"locked": false,
					"world": {
						"x": 731,
						"y": 318,
						"width": 347,
						"height": 70,
						"originX": 0,
						"originY": 0,
						"color": [
							1,
							1,
							1,
							1
						],
						"angle": 0,
						"zElevation": 0
					}
				},
				{
					"type": "wrong",
					"properties": {
						"text": "To manage user authentication",
						"enable-bbcode": true,
						"font": "Impact",
						"size": 22,
						"line-height": 0,
						"bold": false,
						"italic": false,
						"color": [
							1,
							1,
							1,
							1
						],
						"horizontal-alignment": "left",
						"vertical-alignment": "top",
						"wrapping": "word",
						"text-direction": "ltr",
						"icon-set": -1,
						"initially-visible": true,
						"origin": "top-left",
						"read-aloud": false
					},
					"uid": 1466,
					"sid": 491592278024108,
					"tags": "",
					"instanceVariables": {},
					"behaviors": {},
					"showing": true,
					"locked": false,
					"world": {
						"x": 335,
						"y": 318,
						"width": 261,
						"height": 68,
						"originX": 0,
						"originY": 0,
						"color": [
							1,
							1,
							1,
							1
						],
						"angle": 0,
						"zElevation": 0
					}
				},
				{
					"type": "wrong",
					"properties": {
						"text": "To prevent unauthorized access to a network",
						"enable-bbcode": true,
						"font": "Impact",
						"size": 22,
						"line-height": 0,
						"bold": false,
						"italic": false,
						"color": [
							1,
							1,
							1,
							1
						],
						"horizontal-alignment": "left",
						"vertical-alignment": "top",
						"wrapping": "word",
						"text-direction": "ltr",
						"icon-set": -1,
						"initially-visible": true,
						"origin": "top-left",
						"read-aloud": false
					},
					"uid": 1467,
					"sid": 627265936207247,
					"tags": "",
					"instanceVariables": {},
					"behaviors": {},
					"showing": true,
					"locked": false,
					"world": {
						"x": 735,
						"y": 454,
						"width": 300,
						"height": 70,
						"originX": 0,
						"originY": 0,
						"color": [
							1,
							1,
							1,
							1
						],
						"angle": 0,
						"zElevation": 0
					}
				},
				{
					"type": "wrong",
					"properties": {
						"text": "To encrypt sensitive data",
						"enable-bbcode": true,
						"font": "Impact",
						"size": 22,
						"line-height": 0,
						"bold": false,
						"italic": false,
						"color": [
							1,
							1,
							1,
							1
						],
						"horizontal-alignment": "left",
						"vertical-alignment": "top",
						"wrapping": "word",
						"text-direction": "ltr",
						"icon-set": -1,
						"initially-visible": true,
						"origin": "top-left",
						"read-aloud": false
					},
					"uid": 1468,
					"sid": 445644668087578,
					"tags": "",
					"instanceVariables": {},
					"behaviors": {},
					"showing": true,
					"locked": false,
					"world": {
						"x": 338,
						"y": 451,
						"width": 261,
						"height": 68,
						"originX": 0,
						"originY": 0,
						"color": [
							1,
							1,
							1,
							1
						],
						"angle": 0,
						"zElevation": 0
					}
				}
			],
			"sid": 828633703664441,
			"effectTypes": [],
			"isInitiallyVisible": true,
			"isInitiallyInteractive": true,
			"isHTMLElementsLayer": false,
			"color": [
				1,
				1,
				1,
				1
			],
			"backgroundColor": [
				0.3686274509803922,
				0.3686274509803922,
				0.3686274509803922,
				1
			],
			"isTransparent": true,
			"parallaxX": 1,
			"parallaxY": 1,
			"scaleRate": 1,
			"forceOwnTexture": false,
			"renderingMode": "3d",
			"drawOrder": "z-order",
			"useRenderCells": false,
			"blendMode": "normal",
			"zElevation": 0,
			"global": false
		}
	],
	"scene-graphs-folder-root": {
		"items": [],
		"subfolders": []
	},
	"sid": 631666492430137,
	"nonworld-instances": [],
	"effectTypes": [],
	"width": 2560,
	"height": 1440,
	"unboundedScrolling": false,
	"vpX": 0.5,
	"vpY": 0.5,
	"projection": "perspective",
	"eventSheet": "Quiz 3 Event"
}