{
	"name": "Heart2",
	"plugin-id": "Sprite",
	"sid": 550692573880441,
	"isGlobal": false,
	"instanceVariables": [],
	"behaviorTypes": [],
	"effectTypes": [],
	"animations": {
		"items": [
			{
				"frames": [
					{
						"width": 16,
						"height": 16,
						"originX": 0.5,
						"originY": 0.5,
						"originalSource": "",
						"exportFormat": "lossless",
						"exportQuality": 0.8,
						"fileType": "image/png",
						"imageSpriteId": 3281265,
						"collisionPoly": {
							"points": [
								0.125,
								0.125,
								0.875,
								0.125,
								1,
								0.25,
								1,
								0.5,
								0.5625,
								0.9375,
								0.4375,
								0.9375,
								0,
								0.5,
								0,
								0.25
							]
						},
						"useCollisionPoly": true,
						"duration": 1,
						"tag": ""
					}
				],
				"sid": 499720965536049,
				"name": "Animation 1",
				"isLooping": false,
				"isPingPong": false,
				"repeatCount": 1,
				"repeatTo": 0,
				"speed": 5
			}
		],
		"subfolders": []
	}
}