{
	"name": "Sprite12",
	"plugin-id": "Sprite",
	"sid": 387793598875150,
	"isGlobal": false,
	"instanceVariables": [],
	"behaviorTypes": [],
	"effectTypes": [],
	"animations": {
		"items": [
			{
				"frames": [
					{
						"width": 47,
						"height": 76,
						"originX": 0.5,
						"originY": 0.5,
						"originalSource": "",
						"exportFormat": "lossless",
						"exportQuality": 0.8,
						"fileType": "image/png",
						"imageSpriteId": 7773760,
						"collisionPoly": {
							"points": [
								0.1702127659574468,
								0.06578947368421052,
								0.851063829787234,
								0.06578947368421052,
								0.851063829787234,
								0.9078947368421053,
								0.1702127659574468,
								0.9078947368421053
							]
						},
						"useCollisionPoly": true,
						"duration": 1,
						"tag": ""
					}
				],
				"sid": 477159844482546,
				"name": "Animation 1",
				"isLooping": false,
				"isPingPong": false,
				"repeatCount": 1,
				"repeatTo": 0,
				"speed": 5
			}
		],
		"subfolders": []
	}
}