{
	"name": "Sprite19",
	"plugin-id": "Sprite",
	"sid": 295100079194009,
	"isGlobal": false,
	"instanceVariables": [],
	"behaviorTypes": [],
	"effectTypes": [],
	"animations": {
		"items": [
			{
				"frames": [
					{
						"width": 66,
						"height": 79,
						"originX": 0.5,
						"originY": 0.5,
						"originalSource": "",
						"exportFormat": "lossless",
						"exportQuality": 0.8,
						"fileType": "image/png",
						"imageSpriteId": 460911,
						"collisionPoly": {
							"points": [
								0.13636363636363635,
								0.08860759493670886,
								0.8787878787878788,
								0.08860759493670886,
								0.8787878787878788,
								0.8987341772151899,
								0.13636363636363635,
								0.8987341772151899
							]
						},
						"useCollisionPoly": true,
						"duration": 1,
						"tag": ""
					}
				],
				"sid": 212998717390949,
				"name": "Animation 1",
				"isLooping": false,
				"isPingPong": false,
				"repeatCount": 1,
				"repeatTo": 0,
				"speed": 5
			}
		],
		"subfolders": []
	}
}