{
	"name": "Jack",
	"plugin-id": "Sprite",
	"sid": 788477515993631,
	"isGlobal": false,
	"instanceVariables": [
		{
			"name": "lives",
			"type": "number",
			"desc": "",
			"show": true,
			"sid": 557423516889605
		}
	],
	"behaviorTypes": [
		{
			"behaviorId": "Platform",
			"name": "Platform",
			"sid": 365268578046246
		},
		{
			"behaviorId": "scrollto",
			"name": "ScrollTo",
			"sid": 326482378985873
		}
	],
	"effectTypes": [],
	"animations": {
		"items": [
			{
				"frames": [
					{
						"width": 71,
						"height": 67,
						"originX": 0.5,
						"originY": 0.5,
						"originalSource": "",
						"exportFormat": "lossless",
						"exportQuality": 0.8,
						"fileType": "image/png",
						"imageSpriteId": 281029,
						"collisionPoly": {
							"points": [
								0.4647887323943662,
								0.31343283582089554,
								0.5915492957746479,
								0.3283582089552239,
								0.6901408450704225,
								0.4925373134328358,
								0.6901408450704225,
								0.5373134328358209,
								0.6338028169014085,
								1,
								0.4225352112676056,
								0.9850746268656716,
								0.39436619718309857,
								0.5373134328358209,
								0.43661971830985913,
								0.34328358208955223
							]
						},
						"useCollisionPoly": true,
						"duration": 1,
						"tag": ""
					},
					{
						"width": 71,
						"height": 67,
						"originX": 0.5,
						"originY": 0.5,
						"originalSource": "",
						"exportFormat": "lossless",
						"exportQuality": 0.8,
						"fileType": "image/png",
						"imageSpriteId": 1817800,
						"collisionPoly": {
							"points": [
								0.4647887323943662,
								0.2537313432835821,
								0.5352112676056338,
								0.2537313432835821,
								0.5633802816901409,
								0.2835820895522388,
								0.676056338028169,
								0.44776119402985076,
								0.6338028169014085,
								1,
								0.4225352112676056,
								0.9850746268656716,
								0.39436619718309857,
								0.5074626865671642,
								0.43661971830985913,
								0.2835820895522388
							]
						},
						"useCollisionPoly": true,
						"duration": 1,
						"tag": ""
					},
					{
						"width": 71,
						"height": 67,
						"originX": 0.5,
						"originY": 0.5,
						"originalSource": "",
						"exportFormat": "lossless",
						"exportQuality": 0.8,
						"fileType": "image/png",
						"imageSpriteId": 9795115,
						"collisionPoly": {
							"points": [
								0.4647887323943662,
								0.23880597014925373,
								0.5352112676056338,
								0.23880597014925373,
								0.5774647887323944,
								0.2835820895522388,
								0.676056338028169,
								0.43283582089552236,
								0.6338028169014085,
								1,
								0.43661971830985913,
								1,
								0.39436619718309857,
								0.4925373134328358,
								0.43661971830985913,
								0.26865671641791045
							]
						},
						"useCollisionPoly": true,
						"duration": 1,
						"tag": ""
					},
					{
						"width": 71,
						"height": 67,
						"originX": 0.5,
						"originY": 0.5,
						"originalSource": "",
						"exportFormat": "lossless",
						"exportQuality": 0.8,
						"fileType": "image/png",
						"imageSpriteId": 7300982,
						"collisionPoly": {
							"points": [
								0.4647887323943662,
								0.2537313432835821,
								0.5774647887323944,
								0.2835820895522388,
								0.676056338028169,
								0.44776119402985076,
								0.6338028169014085,
								1,
								0.4225352112676056,
								0.9850746268656716,
								0.4225352112676056,
								0.2835820895522388
							]
						},
						"useCollisionPoly": true,
						"duration": 1,
						"tag": ""
					}
				],
				"sid": 457537610554458,
				"name": "IDLE",
				"isLooping": true,
				"isPingPong": false,
				"repeatCount": 1,
				"repeatTo": 0,
				"speed": 8
			},
			{
				"frames": [
					{
						"width": 71,
						"height": 67,
						"originX": 0.5,
						"originY": 0.5,
						"originalSource": "",
						"exportFormat": "lossless",
						"exportQuality": 0.8,
						"fileType": "image/png",
						"imageSpriteId": 7987762,
						"collisionPoly": {
							"points": [
								0.5915492957746479,
								0.23880597014925373,
								0.6619718309859155,
								0.23880597014925373,
								0.704225352112676,
								0.2835820895522388,
								0.7183098591549296,
								0.43283582089552236,
								0.7183098591549296,
								0.5373134328358209,
								0.6338028169014085,
								0.7014925373134329,
								0.6056338028169014,
								0.7313432835820896,
								0.39436619718309857,
								0.9104477611940298,
								0.22535211267605634,
								1,
								0.14084507042253522,
								0.9552238805970149,
								0.14084507042253522,
								0.9104477611940298,
								0.352112676056338,
								0.4925373134328358
							]
						},
						"useCollisionPoly": true,
						"duration": 1,
						"tag": ""
					},
					{
						"width": 71,
						"height": 67,
						"originX": 0.5,
						"originY": 0.5,
						"originalSource": "",
						"exportFormat": "lossless",
						"exportQuality": 0.8,
						"fileType": "image/png",
						"imageSpriteId": 4066628,
						"collisionPoly": {
							"points": [
								0.5915492957746479,
								0.26865671641791045,
								0.7183098591549296,
								0.29850746268656714,
								0.704225352112676,
								0.9552238805970149,
								0.11267605633802817,
								0.8208955223880597,
								0.4084507042253521,
								0.44776119402985076
							]
						},
						"useCollisionPoly": true,
						"duration": 1,
						"tag": ""
					},
					{
						"width": 71,
						"height": 67,
						"originX": 0.5,
						"originY": 0.5,
						"originalSource": "",
						"exportFormat": "lossless",
						"exportQuality": 0.8,
						"fileType": "image/png",
						"imageSpriteId": 1733835,
						"collisionPoly": {
							"points": [
								0.5915492957746479,
								0.2835820895522388,
								0.704225352112676,
								0.31343283582089554,
								0.7323943661971831,
								0.5223880597014925,
								0.6619718309859155,
								1,
								0.22535211267605634,
								0.8805970149253731,
								0.4647887323943662,
								0.43283582089552236
							]
						},
						"useCollisionPoly": true,
						"duration": 1,
						"tag": ""
					},
					{
						"width": 71,
						"height": 67,
						"originX": 0.5,
						"originY": 0.5,
						"originalSource": "",
						"exportFormat": "lossless",
						"exportQuality": 0.8,
						"fileType": "image/png",
						"imageSpriteId": 4966062,
						"collisionPoly": {
							"points": [
								0.5915492957746479,
								0.2835820895522388,
								0.6619718309859155,
								0.2835820895522388,
								0.704225352112676,
								0.3283582089552239,
								0.7323943661971831,
								0.5373134328358209,
								0.7323943661971831,
								0.582089552238806,
								0.5352112676056338,
								1,
								0.4507042253521127,
								1,
								0.36619718309859156,
								0.8059701492537313,
								0.4084507042253521,
								0.6268656716417911,
								0.5633802816901409,
								0.31343283582089554
							]
						},
						"useCollisionPoly": true,
						"duration": 1,
						"tag": ""
					},
					{
						"width": 71,
						"height": 67,
						"originX": 0.5,
						"originY": 0.5,
						"originalSource": "",
						"exportFormat": "lossless",
						"exportQuality": 0.8,
						"fileType": "image/png",
						"imageSpriteId": 753596,
						"collisionPoly": {
							"points": [
								0.5915492957746479,
								0.23880597014925373,
								0.6619718309859155,
								0.23880597014925373,
								0.704225352112676,
								0.29850746268656714,
								0.7323943661971831,
								0.4626865671641791,
								0.7323943661971831,
								0.5223880597014925,
								0.6338028169014085,
								0.7014925373134329,
								0.6056338028169014,
								0.7313432835820896,
								0.22535211267605634,
								1,
								0.16901408450704225,
								1,
								0.14084507042253522,
								0.9552238805970149,
								0.14084507042253522,
								0.9104477611940298,
								0.43661971830985913,
								0.417910447761194
							]
						},
						"useCollisionPoly": true,
						"duration": 1,
						"tag": ""
					},
					{
						"width": 71,
						"height": 67,
						"originX": 0.5,
						"originY": 0.5,
						"originalSource": "",
						"exportFormat": "lossless",
						"exportQuality": 0.8,
						"fileType": "image/png",
						"imageSpriteId": 8821498,
						"collisionPoly": {
							"points": [
								0.5915492957746479,
								0.26865671641791045,
								0.6619718309859155,
								0.26865671641791045,
								0.704225352112676,
								0.31343283582089554,
								0.7605633802816901,
								0.44776119402985076,
								0.704225352112676,
								0.9552238805970149,
								0.11267605633802817,
								0.8208955223880597,
								0.14084507042253522,
								0.7761194029850746
							]
						},
						"useCollisionPoly": true,
						"duration": 1,
						"tag": ""
					},
					{
						"width": 71,
						"height": 67,
						"originX": 0.5,
						"originY": 0.5,
						"originalSource": "",
						"exportFormat": "lossless",
						"exportQuality": 0.8,
						"fileType": "image/png",
						"imageSpriteId": 6150955,
						"collisionPoly": {
							"points": [
								0.5915492957746479,
								0.2835820895522388,
								0.676056338028169,
								0.2835820895522388,
								0.704225352112676,
								0.31343283582089554,
								0.6619718309859155,
								1,
								0.22535211267605634,
								0.8805970149253731,
								0.352112676056338,
								0.5671641791044776
							]
						},
						"useCollisionPoly": true,
						"duration": 1,
						"tag": ""
					},
					{
						"width": 71,
						"height": 67,
						"originX": 0.5,
						"originY": 0.5,
						"originalSource": "",
						"exportFormat": "lossless",
						"exportQuality": 0.8,
						"fileType": "image/png",
						"imageSpriteId": 2175733,
						"collisionPoly": {
							"points": [
								0.5915492957746479,
								0.2835820895522388,
								0.704225352112676,
								0.31343283582089554,
								0.7323943661971831,
								0.5373134328358209,
								0.7323943661971831,
								0.582089552238806,
								0.5211267605633803,
								1,
								0.43661971830985913,
								1,
								0.29577464788732394,
								0.8059701492537313,
								0.5633802816901409,
								0.31343283582089554
							]
						},
						"useCollisionPoly": true,
						"duration": 1,
						"tag": ""
					}
				],
				"sid": 239745283701047,
				"name": "RUN",
				"isLooping": true,
				"isPingPong": false,
				"repeatCount": 1,
				"repeatTo": 0,
				"speed": 10
			},
			{
				"frames": [
					{
						"width": 71,
						"height": 67,
						"originX": 0.5,
						"originY": 0.5,
						"originalSource": "",
						"exportFormat": "lossless",
						"exportQuality": 0.8,
						"fileType": "image/png",
						"imageSpriteId": 9045657,
						"collisionPoly": {
							"points": [
								0.7887323943661971,
								0.26865671641791045,
								0.7323943661971831,
								0.4925373134328358,
								0.4507042253521127,
								0.9253731343283582,
								0.30985915492957744,
								0.746268656716418,
								0.30985915492957744,
								0.7014925373134329,
								0.43661971830985913,
								0.373134328358209,
								0.49295774647887325,
								0.3283582089552239
							]
						},
						"useCollisionPoly": true,
						"duration": 1,
						"tag": ""
					},
					{
						"width": 71,
						"height": 67,
						"originX": 0.5,
						"originY": 0.5,
						"originalSource": "",
						"exportFormat": "lossless",
						"exportQuality": 0.8,
						"fileType": "image/png",
						"imageSpriteId": 9887515,
						"collisionPoly": {
							"points": [
								0.3380281690140845,
								0.22388059701492538,
								0.38028169014084506,
								0.22388059701492538,
								0.7323943661971831,
								0.26865671641791045,
								0.7887323943661971,
								0.44776119402985076,
								0.7746478873239436,
								0.5522388059701493,
								0.647887323943662,
								0.7164179104477612,
								0.6197183098591549,
								0.746268656716418,
								0.5352112676056338,
								0.746268656716418,
								0.4788732394366197,
								0.7014925373134329,
								0.2112676056338028,
								0.40298507462686567,
								0.22535211267605634,
								0.3582089552238806
							]
						},
						"useCollisionPoly": true,
						"duration": 1,
						"tag": ""
					},
					{
						"width": 71,
						"height": 67,
						"originX": 0.5,
						"originY": 0.5,
						"originalSource": "",
						"exportFormat": "lossless",
						"exportQuality": 0.8,
						"fileType": "image/png",
						"imageSpriteId": 7612916,
						"collisionPoly": {
							"points": [
								0.3380281690140845,
								0.26865671641791045,
								0.8169014084507042,
								0.29850746268656714,
								0.7887323943661971,
								0.5373134328358209,
								0.5352112676056338,
								0.746268656716418,
								0.49295774647887325,
								0.746268656716418,
								0.352112676056338,
								0.6865671641791045,
								0.29577464788732394,
								0.6119402985074627,
								0.29577464788732394,
								0.31343283582089554
							]
						},
						"useCollisionPoly": true,
						"duration": 1,
						"tag": ""
					}
				],
				"sid": 270720161884425,
				"name": "JUMP_RIGHT",
				"isLooping": false,
				"isPingPong": false,
				"repeatCount": 1,
				"repeatTo": 0,
				"speed": 10
			},
			{
				"frames": [
					{
						"width": 250,
						"height": 250,
						"originX": 0.5,
						"originY": 0.5,
						"originalSource": "",
						"exportFormat": "lossless",
						"exportQuality": 0.8,
						"fileType": "image/png",
						"imageSpriteId": 5835927,
						"useCollisionPoly": true,
						"duration": 1,
						"tag": ""
					},
					{
						"width": 71,
						"height": 67,
						"originX": 0.5,
						"originY": 0.5,
						"originalSource": "",
						"exportFormat": "lossless",
						"exportQuality": 0.8,
						"fileType": "image/png",
						"imageSpriteId": 8651649,
						"collisionPoly": {
							"points": [
								0.38028169014084506,
								0.5970149253731343,
								0.6338028169014085,
								0.6119402985074627,
								0.676056338028169,
								0.7313432835820896,
								0.676056338028169,
								0.7761194029850746,
								0.5633802816901409,
								0.9402985074626866,
								0.49295774647887325,
								1,
								0.3380281690140845,
								1,
								0.3380281690140845,
								0.6865671641791045
							]
						},
						"useCollisionPoly": true,
						"duration": 1,
						"tag": ""
					},
					{
						"width": 71,
						"height": 67,
						"originX": 0.5,
						"originY": 0.5,
						"originalSource": "",
						"exportFormat": "lossless",
						"exportQuality": 0.8,
						"fileType": "image/png",
						"imageSpriteId": 4881617,
						"collisionPoly": {
							"points": [
								0.2535211267605634,
								0.373134328358209,
								0.323943661971831,
								0.373134328358209,
								0.704225352112676,
								0.746268656716418,
								0.6619718309859155,
								1,
								0.5774647887323944,
								0.9850746268656716,
								0.36619718309859156,
								0.7761194029850746,
								0.2112676056338028,
								0.4925373134328358,
								0.2112676056338028,
								0.417910447761194
							]
						},
						"useCollisionPoly": true,
						"duration": 1,
						"tag": ""
					},
					{
						"width": 71,
						"height": 67,
						"originX": 0.5,
						"originY": 0.5,
						"originalSource": "",
						"exportFormat": "lossless",
						"exportQuality": 0.8,
						"fileType": "image/png",
						"imageSpriteId": 9979789,
						"collisionPoly": {
							"points": [
								0.29577464788732394,
								0.29850746268656714,
								0.352112676056338,
								0.29850746268656714,
								0.4647887323943662,
								0.3283582089552239,
								0.704225352112676,
								0.43283582089552236,
								0.647887323943662,
								0.8656716417910447,
								0.23943661971830985,
								0.7164179104477612,
								0.2112676056338028,
								0.6865671641791045,
								0.22535211267605634,
								0.417910447761194
							]
						},
						"useCollisionPoly": true,
						"duration": 1,
						"tag": ""
					},
					{
						"width": 71,
						"height": 67,
						"originX": 0.5,
						"originY": 0.5,
						"originalSource": "",
						"exportFormat": "lossless",
						"exportQuality": 0.8,
						"fileType": "image/png",
						"imageSpriteId": 7756534,
						"collisionPoly": {
							"points": [
								0.38028169014084506,
								0.23880597014925373,
								0.6338028169014085,
								0.43283582089552236,
								0.7887323943661971,
								0.5970149253731343,
								0.7887323943661971,
								0.6716417910447762,
								0.7605633802816901,
								0.7014925373134329,
								0.4225352112676056,
								0.8208955223880597,
								0.16901408450704225,
								0.417910447761194
							]
						},
						"useCollisionPoly": true,
						"duration": 1,
						"tag": ""
					},
					{
						"width": 71,
						"height": 67,
						"originX": 0.5,
						"originY": 0.5,
						"originalSource": "",
						"exportFormat": "lossless",
						"exportQuality": 0.8,
						"fileType": "image/png",
						"imageSpriteId": 847237,
						"collisionPoly": {
							"points": [
								0.4507042253521127,
								0.26865671641791045,
								0.49295774647887325,
								0.26865671641791045,
								0.6197183098591549,
								0.29850746268656714,
								0.647887323943662,
								0.3283582089552239,
								0.676056338028169,
								0.373134328358209,
								0.676056338028169,
								0.4626865671641791,
								0.6619718309859155,
								0.5074626865671642,
								0.5492957746478874,
								0.7164179104477612,
								0.29577464788732394,
								0.9701492537313433,
								0.2535211267605634,
								0.9701492537313433,
								0.23943661971830985,
								0.8955223880597015,
								0.2535211267605634,
								0.7611940298507462,
								0.39436619718309857,
								0.29850746268656714
							]
						},
						"useCollisionPoly": true,
						"duration": 1,
						"tag": ""
					},
					{
						"width": 71,
						"height": 67,
						"originX": 0.5,
						"originY": 0.5,
						"originalSource": "",
						"exportFormat": "lossless",
						"exportQuality": 0.8,
						"fileType": "image/png",
						"imageSpriteId": 3642468,
						"collisionPoly": {
							"points": [
								0.7183098591549296,
								0.417910447761194,
								0.7323943661971831,
								0.4925373134328358,
								0.6901408450704225,
								0.8208955223880597,
								0.6338028169014085,
								1,
								0.4225352112676056,
								1,
								0.36619718309859156,
								0.8059701492537313,
								0.3380281690140845,
								0.47761194029850745,
								0.352112676056338,
								0.43283582089552236
							]
						},
						"useCollisionPoly": true,
						"duration": 1,
						"tag": ""
					},
					{
						"width": 71,
						"height": 67,
						"originX": 0.5,
						"originY": 0.5,
						"originalSource": "",
						"exportFormat": "lossless",
						"exportQuality": 0.8,
						"fileType": "image/png",
						"imageSpriteId": 4125148,
						"collisionPoly": {
							"points": [
								0.7605633802816901,
								0.6119402985074627,
								0.7605633802816901,
								0.6567164179104478,
								0.6338028169014085,
								1,
								0.4225352112676056,
								1,
								0.2676056338028169,
								0.6865671641791045,
								0.2676056338028169,
								0.6268656716417911
							]
						},
						"useCollisionPoly": true,
						"duration": 1,
						"tag": ""
					}
				],
				"sid": 860383450227468,
				"name": "JUMP_LEFT",
				"isLooping": false,
				"isPingPong": false,
				"repeatCount": 1,
				"repeatTo": 0,
				"speed": 10
			},
			{
				"frames": [
					{
						"width": 71,
						"height": 67,
						"originX": 0.5,
						"originY": 0.5,
						"originalSource": "",
						"exportFormat": "lossless",
						"exportQuality": 0.8,
						"fileType": "image/png",
						"imageSpriteId": 237311,
						"collisionPoly": {
							"points": [
								0.5915492957746479,
								0.16417910447761194,
								0.6338028169014085,
								0.2537313432835821,
								0.6338028169014085,
								0.7164179104477612,
								0.6056338028169014,
								0.835820895522388,
								0.5352112676056338,
								0.9701492537313433,
								0.4788732394366197,
								0.9701492537313433,
								0.4225352112676056,
								0.44776119402985076,
								0.4225352112676056,
								0.40298507462686567,
								0.4788732394366197,
								0.26865671641791045
							]
						},
						"useCollisionPoly": true,
						"duration": 1,
						"tag": ""
					},
					{
						"width": 71,
						"height": 67,
						"originX": 0.5,
						"originY": 0.5,
						"originalSource": "",
						"exportFormat": "lossless",
						"exportQuality": 0.8,
						"fileType": "image/png",
						"imageSpriteId": 9826450,
						"collisionPoly": {
							"points": [
								0.6197183098591549,
								0.2537313432835821,
								0.6338028169014085,
								0.29850746268656714,
								0.6338028169014085,
								0.6865671641791045,
								0.6056338028169014,
								0.7761194029850746,
								0.5070422535211268,
								0.9701492537313433,
								0.4647887323943662,
								0.9701492537313433,
								0.4225352112676056,
								0.373134328358209,
								0.5070422535211268,
								0.2537313432835821
							]
						},
						"useCollisionPoly": true,
						"duration": 1,
						"tag": ""
					},
					{
						"width": 71,
						"height": 67,
						"originX": 0.5,
						"originY": 0.5,
						"originalSource": "",
						"exportFormat": "lossless",
						"exportQuality": 0.8,
						"fileType": "image/png",
						"imageSpriteId": 2652587,
						"collisionPoly": {
							"points": [
								0.5070422535211268,
								0.2835820895522388,
								0.5915492957746479,
								0.29850746268656714,
								0.647887323943662,
								0.3880597014925373,
								0.6197183098591549,
								0.7611940298507462,
								0.5915492957746479,
								0.8805970149253731,
								0.4788732394366197,
								0.8805970149253731,
								0.4507042253521127,
								0.7611940298507462,
								0.4225352112676056,
								0.3880597014925373
							]
						},
						"useCollisionPoly": true,
						"duration": 1,
						"tag": ""
					},
					{
						"width": 71,
						"height": 67,
						"originX": 0.5,
						"originY": 0.5,
						"originalSource": "",
						"exportFormat": "lossless",
						"exportQuality": 0.8,
						"fileType": "image/png",
						"imageSpriteId": 6411063,
						"collisionPoly": {
							"points": [
								0.5211267605633803,
								0.14925373134328357,
								0.6056338028169014,
								0.2537313432835821,
								0.647887323943662,
								0.40298507462686567,
								0.647887323943662,
								0.44776119402985076,
								0.5915492957746479,
								0.9701492537313433,
								0.5352112676056338,
								0.9701492537313433,
								0.4647887323943662,
								0.835820895522388,
								0.43661971830985913,
								0.7164179104477612,
								0.43661971830985913,
								0.2537313432835821
							]
						},
						"useCollisionPoly": true,
						"duration": 1,
						"tag": ""
					},
					{
						"width": 71,
						"height": 67,
						"originX": 0.5,
						"originY": 0.5,
						"originalSource": "",
						"exportFormat": "lossless",
						"exportQuality": 0.8,
						"fileType": "image/png",
						"imageSpriteId": 5208140,
						"collisionPoly": {
							"points": [
								0.4788732394366197,
								0.23880597014925373,
								0.5915492957746479,
								0.26865671641791045,
								0.647887323943662,
								0.373134328358209,
								0.6056338028169014,
								0.9701492537313433,
								0.5633802816901409,
								0.9701492537313433,
								0.4647887323943662,
								0.7761194029850746,
								0.43661971830985913,
								0.6865671641791045,
								0.43661971830985913,
								0.29850746268656714
							]
						},
						"useCollisionPoly": true,
						"duration": 1,
						"tag": ""
					},
					{
						"width": 71,
						"height": 67,
						"originX": 0.5,
						"originY": 0.5,
						"originalSource": "",
						"exportFormat": "lossless",
						"exportQuality": 0.8,
						"fileType": "image/png",
						"imageSpriteId": 2548662,
						"collisionPoly": {
							"points": [
								0.5070422535211268,
								0.2835820895522388,
								0.5915492957746479,
								0.29850746268656714,
								0.647887323943662,
								0.3880597014925373,
								0.6197183098591549,
								0.7611940298507462,
								0.5915492957746479,
								0.8805970149253731,
								0.4788732394366197,
								0.8805970149253731,
								0.4507042253521127,
								0.7611940298507462,
								0.4225352112676056,
								0.3880597014925373
							]
						},
						"useCollisionPoly": true,
						"duration": 1,
						"tag": ""
					}
				],
				"sid": 456269786457211,
				"name": "CLIMB",
				"isLooping": true,
				"isPingPong": false,
				"repeatCount": 1,
				"repeatTo": 0,
				"speed": 10
			},
			{
				"frames": [
					{
						"width": 71,
						"height": 67,
						"originX": 0.5,
						"originY": 0.5,
						"originalSource": "",
						"exportFormat": "lossless",
						"exportQuality": 0.8,
						"fileType": "image/png",
						"imageSpriteId": 4643208,
						"collisionPoly": {
							"points": [
								0.39436619718309857,
								0.23880597014925373,
								0.4647887323943662,
								0.23880597014925373,
								0.7746478873239436,
								0.3582089552238806,
								0.7746478873239436,
								0.417910447761194,
								0.6338028169014085,
								1,
								0.28169014084507044,
								1,
								0.29577464788732394,
								0.43283582089552236,
								0.30985915492957744,
								0.3880597014925373,
								0.36619718309859156,
								0.26865671641791045
							]
						},
						"useCollisionPoly": true,
						"duration": 1,
						"tag": ""
					}
				],
				"sid": 513315040673168,
				"name": "SHOOT",
				"isLooping": false,
				"isPingPong": false,
				"repeatCount": 1,
				"repeatTo": 0,
				"speed": 5
			}
		],
		"subfolders": []
	}
}