{
	"name": "Sprite8",
	"plugin-id": "Sprite",
	"sid": 103287772273938,
	"isGlobal": false,
	"instanceVariables": [],
	"behaviorTypes": [
		{
			"behaviorId": "solid",
			"name": "Solid",
			"sid": 325736320314710
		}
	],
	"effectTypes": [],
	"animations": {
		"items": [
			{
				"frames": [
					{
						"width": 22,
						"height": 96,
						"originX": 0.5,
						"originY": 0.5,
						"originalSource": "",
						"exportFormat": "lossless",
						"exportQuality": 0.8,
						"fileType": "image/png",
						"imageSpriteId": 3407599,
						"collisionPoly": {
							"points": [
								0.5581095041322317,
								0.09298058712121214,
								0.658574380165289,
								0.09564393939393939,
								0.7164256198347108,
								0.09659090909090912,
								0.7288223140495862,
								0.9982244318181819,
								0.44834710743801653,
								1,
								0.44602272727272707,
								0.09747869318181816
							]
						},
						"useCollisionPoly": true,
						"duration": 1,
						"tag": ""
					}
				],
				"sid": 838701017452017,
				"name": "Animation 1",
				"isLooping": false,
				"isPingPong": false,
				"repeatCount": 1,
				"repeatTo": 0,
				"speed": 5
			}
		],
		"subfolders": []
	}
}