{
	"name": "Sprite27",
	"plugin-id": "Sprite",
	"sid": 512278920124276,
	"isGlobal": false,
	"instanceVariables": [],
	"behaviorTypes": [],
	"effectTypes": [],
	"animations": {
		"items": [
			{
				"frames": [
					{
						"width": 24,
						"height": 38,
						"originX": 0.5,
						"originY": 0.5,
						"originalSource": "",
						"exportFormat": "lossless",
						"exportQuality": 0.8,
						"fileType": "image/png",
						"imageSpriteId": 5909283,
						"collisionPoly": {
							"points": [
								0.125,
								0.05263157894736842,
								0.8333333333333334,
								0.05263157894736842,
								0.8333333333333334,
								0.8947368421052632,
								0.125,
								0.8947368421052632
							]
						},
						"useCollisionPoly": true,
						"duration": 1,
						"tag": ""
					}
				],
				"sid": 789192140151307,
				"name": "Animation 1",
				"isLooping": false,
				"isPingPong": false,
				"repeatCount": 1,
				"repeatTo": 0,
				"speed": 5
			}
		],
		"subfolders": []
	}
}