{
	"name": "Audio",
	"plugin-id": "Audio",
	"sid": 944128331494059,
	"singleglobal-inst": {
		"type": "Audio",
		"properties": {
			"timescale-audio": "off",
			"save-load": "all",
			"play-in-background": false,
			"latency-hint": "interactive",
			"enable-multiple-tags": true,
			"panning-model": "hrtf",
			"distance-model": "inverse",
			"listener-z-height": 600,
			"reference-distance": 600,
			"maximum-distance": 10000,
			"roll-off-factor": 1
		},
		"uid": 787,
		"sid": 245353438779267,
		"tags": ""
	}
}