{
	"name": "Drone",
	"plugin-id": "Sprite",
	"sid": 943397574775054,
	"isGlobal": false,
	"instanceVariables": [],
	"behaviorTypes": [
		{
			"behaviorId": "Turret",
			"name": "Turret",
			"sid": 670796595216614
		},
		{
			"behaviorId": "LOS",
			"name": "LineOfSight",
			"sid": 752707287919999
		}
	],
	"effectTypes": [],
	"animations": {
		"items": [
			{
				"frames": [
					{
						"width": 61,
						"height": 52,
						"originX": 0.5,
						"originY": 0.5,
						"originalSource": "",
						"exportFormat": "lossless",
						"exportQuality": 0.8,
						"fileType": "image/png",
						"imageSpriteId": 5437384,
						"collisionPoly": {
							"points": [
								0.5081967213114754,
								0.07692307692307693,
								0.5737704918032787,
								0.07692307692307693,
								0.7704918032786885,
								0.40384615384615385,
								0.7704918032786885,
								0.46153846153846156,
								0.7377049180327869,
								0.7115384615384616,
								0.7049180327868853,
								0.7884615384615384,
								0.6721311475409836,
								0.8269230769230769,
								0.3770491803278688,
								1,
								0.3114754098360656,
								1,
								0.21311475409836064,
								0.75,
								0.21311475409836064,
								0.5961538461538461,
								0.22950819672131148,
								0.5384615384615384,
								0.3442622950819672,
								0.2692307692307692
							]
						},
						"useCollisionPoly": true,
						"duration": 1,
						"tag": ""
					}
				],
				"sid": 660348331755347,
				"name": "Animation 2",
				"isLooping": false,
				"isPingPong": false,
				"repeatCount": 1,
				"repeatTo": 0,
				"speed": 5
			}
		],
		"subfolders": []
	}
}