{
	"name": "Sprite20",
	"plugin-id": "Sprite",
	"sid": 904050542027979,
	"isGlobal": false,
	"instanceVariables": [],
	"behaviorTypes": [],
	"effectTypes": [],
	"animations": {
		"items": [
			{
				"frames": [
					{
						"width": 22,
						"height": 96,
						"originX": 0.5,
						"originY": 0.5,
						"originalSource": "",
						"exportFormat": "lossless",
						"exportQuality": 0.8,
						"fileType": "image/png",
						"imageSpriteId": 7858040,
						"collisionPoly": {
							"points": [
								0.5,
								0.010416666666666666,
								0.6818181818181818,
								0.010416666666666666,
								0.8636363636363636,
								0.125,
								1,
								1,
								0.045454545454545456,
								0.9791666666666666,
								0.3181818181818182,
								0.125
							]
						},
						"useCollisionPoly": true,
						"duration": 1,
						"tag": ""
					}
				],
				"sid": 370332467885748,
				"name": "Animation 1",
				"isLooping": false,
				"isPingPong": false,
				"repeatCount": 1,
				"repeatTo": 0,
				"speed": 5
			}
		],
		"subfolders": []
	}
}