{
	"name": "Sprite21",
	"plugin-id": "Sprite",
	"sid": 171768743604512,
	"isGlobal": false,
	"instanceVariables": [],
	"behaviorTypes": [],
	"effectTypes": [],
	"animations": {
		"items": [
			{
				"frames": [
					{
						"width": 62,
						"height": 30,
						"originX": 0.5,
						"originY": 0.5,
						"originalSource": "",
						"exportFormat": "lossless",
						"exportQuality": 0.8,
						"fileType": "image/png",
						"imageSpriteId": 6450881,
						"collisionPoly": {
							"points": [
								0.06451612903225806,
								0,
								0.9516129032258065,
								0,
								1,
								0.06666666666666667,
								1,
								1,
								0,
								1,
								0,
								0.06666666666666667
							]
						},
						"useCollisionPoly": true,
						"duration": 1,
						"tag": ""
					}
				],
				"sid": 539448332480061,
				"name": "Animation 1",
				"isLooping": false,
				"isPingPong": false,
				"repeatCount": 1,
				"repeatTo": 0,
				"speed": 5
			}
		],
		"subfolders": []
	}
}