{
	"name": "bullet",
	"plugin-id": "Sprite",
	"sid": 577782238780579,
	"isGlobal": false,
	"instanceVariables": [],
	"behaviorTypes": [
		{
			"behaviorId": "Bullet",
			"name": "Bullet",
			"sid": 806680191799281
		}
	],
	"effectTypes": [],
	"animations": {
		"items": [
			{
				"frames": [
					{
						"width": 11,
						"height": 11,
						"originX": 0.5,
						"originY": 0.5,
						"originalSource": "",
						"exportFormat": "lossless",
						"exportQuality": 0.8,
						"fileType": "image/png",
						"imageSpriteId": 3727132,
						"collisionPoly": {
							"points": [
								0.9090909090909091,
								0.2727272727272727,
								1,
								0.2727272727272727,
								1,
								0.6363636363636364,
								0.9090909090909091,
								0.7272727272727273,
								0.09090909090909091,
								0.7272727272727273,
								0.09090909090909091,
								0.6363636363636364,
								0.2727272727272727,
								0.36363636363636365
							]
						},
						"useCollisionPoly": true,
						"duration": 1,
						"tag": ""
					},
					{
						"width": 11,
						"height": 11,
						"originX": 0.5,
						"originY": 0.5,
						"originalSource": "",
						"exportFormat": "lossless",
						"exportQuality": 0.8,
						"fileType": "image/png",
						"imageSpriteId": 7396579,
						"collisionPoly": {
							"points": [
								0.8181818181818182,
								0.18181818181818182,
								1,
								0.18181818181818182,
								1,
								0.8181818181818182,
								0.8181818181818182,
								0.8181818181818182,
								0,
								0.6363636363636364,
								0,
								0.2727272727272727
							]
						},
						"useCollisionPoly": true,
						"duration": 1,
						"tag": ""
					},
					{
						"width": 11,
						"height": 11,
						"originX": 0.5,
						"originY": 0.5,
						"originalSource": "",
						"exportFormat": "lossless",
						"exportQuality": 0.8,
						"fileType": "image/png",
						"imageSpriteId": 1877274,
						"collisionPoly": {
							"points": [
								0,
								0.18181818181818182,
								0.2727272727272727,
								0.18181818181818182,
								1,
								0.2727272727272727,
								1,
								0.8181818181818182,
								0,
								0.8181818181818182
							]
						},
						"useCollisionPoly": true,
						"duration": 1,
						"tag": ""
					},
					{
						"width": 11,
						"height": 11,
						"originX": 0.5,
						"originY": 0.5,
						"originalSource": "",
						"exportFormat": "lossless",
						"exportQuality": 0.8,
						"fileType": "image/png",
						"imageSpriteId": 8438338,
						"collisionPoly": {
							"points": [
								0,
								0.2727272727272727,
								0.5454545454545454,
								0.2727272727272727,
								0.8181818181818182,
								0.36363636363636365,
								0.8181818181818182,
								0.8181818181818182,
								0.2727272727272727,
								0.8181818181818182,
								0,
								0.6363636363636364
							]
						},
						"useCollisionPoly": true,
						"duration": 1,
						"tag": ""
					}
				],
				"sid": 834647225464467,
				"name": "Animation 2",
				"isLooping": true,
				"isPingPong": false,
				"repeatCount": 1,
				"repeatTo": 0,
				"speed": 5
			}
		],
		"subfolders": []
	}
}