{
	"name": "Sprite17",
	"plugin-id": "Sprite",
	"sid": 648337873202040,
	"isGlobal": false,
	"instanceVariables": [],
	"behaviorTypes": [],
	"effectTypes": [],
	"animations": {
		"items": [
			{
				"frames": [
					{
						"width": 35,
						"height": 92,
						"originX": 0.5,
						"originY": 0.5,
						"originalSource": "",
						"exportFormat": "lossless",
						"exportQuality": 0.8,
						"fileType": "image/png",
						"imageSpriteId": 1674175,
						"collisionPoly": {
							"points": [
								0,
								0,
								0.9142857142857143,
								0,
								1,
								0.03260869565217391,
								1,
								1,
								0.05714285714285714,
								1,
								0,
								0.9782608695652174
							]
						},
						"useCollisionPoly": true,
						"duration": 1,
						"tag": ""
					},
					{
						"width": 35,
						"height": 92,
						"originX": 0.5,
						"originY": 0.5,
						"originalSource": "",
						"exportFormat": "lossless",
						"exportQuality": 0.8,
						"fileType": "image/png",
						"imageSpriteId": 9614041,
						"collisionPoly": {
							"points": [
								0,
								0,
								0.9142857142857143,
								0,
								1,
								0.03260869565217391,
								1,
								1,
								0.05714285714285714,
								1,
								0,
								0.9782608695652174
							]
						},
						"useCollisionPoly": true,
						"duration": 1,
						"tag": ""
					},
					{
						"width": 35,
						"height": 92,
						"originX": 0.5,
						"originY": 0.5,
						"originalSource": "",
						"exportFormat": "lossless",
						"exportQuality": 0.8,
						"fileType": "image/png",
						"imageSpriteId": 2191333,
						"collisionPoly": {
							"points": [
								0,
								0,
								0.9142857142857143,
								0,
								1,
								0.03260869565217391,
								1,
								1,
								0.05714285714285714,
								1,
								0,
								0.9782608695652174
							]
						},
						"useCollisionPoly": true,
						"duration": 1,
						"tag": ""
					},
					{
						"width": 35,
						"height": 92,
						"originX": 0.5,
						"originY": 0.5,
						"originalSource": "",
						"exportFormat": "lossless",
						"exportQuality": 0.8,
						"fileType": "image/png",
						"imageSpriteId": 699563,
						"collisionPoly": {
							"points": [
								0,
								0,
								0.9142857142857143,
								0,
								1,
								0.03260869565217391,
								1,
								1,
								0.05714285714285714,
								1,
								0,
								0.9782608695652174
							]
						},
						"useCollisionPoly": true,
						"duration": 1,
						"tag": ""
					},
					{
						"width": 35,
						"height": 92,
						"originX": 0.5,
						"originY": 0.5,
						"originalSource": "",
						"exportFormat": "lossless",
						"exportQuality": 0.8,
						"fileType": "image/png",
						"imageSpriteId": 591091,
						"collisionPoly": {
							"points": [
								0,
								0,
								0.9142857142857143,
								0,
								1,
								0.03260869565217391,
								1,
								1,
								0.05714285714285714,
								1,
								0,
								0.9782608695652174
							]
						},
						"useCollisionPoly": true,
						"duration": 1,
						"tag": ""
					}
				],
				"sid": 688183769390801,
				"name": "Animation 1",
				"isLooping": true,
				"isPingPong": false,
				"repeatCount": 1,
				"repeatTo": 0,
				"speed": 7
			}
		],
		"subfolders": []
	}
}