{
	"name": "Sprite29",
	"plugin-id": "Sprite",
	"sid": 709254599906988,
	"isGlobal": false,
	"instanceVariables": [],
	"behaviorTypes": [],
	"effectTypes": [],
	"animations": {
		"items": [
			{
				"frames": [
					{
						"width": 19,
						"height": 76,
						"originX": 0.5,
						"originY": 0.5,
						"originalSource": "",
						"exportFormat": "lossless",
						"exportQuality": 0.8,
						"fileType": "image/png",
						"imageSpriteId": 3443781,
						"collisionPoly": {
							"points": [
								0.8421052631578947,
								0,
								1,
								0,
								1,
								0.9210526315789473,
								0,
								1,
								0,
								0.07894736842105263
							]
						},
						"useCollisionPoly": true,
						"duration": 1,
						"tag": ""
					},
					{
						"width": 19,
						"height": 76,
						"originX": 0.5,
						"originY": 0.5,
						"originalSource": "",
						"exportFormat": "lossless",
						"exportQuality": 0.8,
						"fileType": "image/png",
						"imageSpriteId": 4345228,
						"collisionPoly": {
							"points": [
								0.8421052631578947,
								0,
								1,
								0,
								1,
								0.9210526315789473,
								0,
								1,
								0,
								0.07894736842105263
							]
						},
						"useCollisionPoly": true,
						"duration": 1,
						"tag": ""
					},
					{
						"width": 19,
						"height": 76,
						"originX": 0.5,
						"originY": 0.5,
						"originalSource": "",
						"exportFormat": "lossless",
						"exportQuality": 0.8,
						"fileType": "image/png",
						"imageSpriteId": 3446739,
						"collisionPoly": {
							"points": [
								0.8421052631578947,
								0,
								1,
								0,
								1,
								0.9210526315789473,
								0,
								1,
								0,
								0.07894736842105263
							]
						},
						"useCollisionPoly": true,
						"duration": 1,
						"tag": ""
					},
					{
						"width": 19,
						"height": 76,
						"originX": 0.5,
						"originY": 0.5,
						"originalSource": "",
						"exportFormat": "lossless",
						"exportQuality": 0.8,
						"fileType": "image/png",
						"imageSpriteId": 4463986,
						"collisionPoly": {
							"points": [
								0.8421052631578947,
								0,
								1,
								0,
								1,
								0.9210526315789473,
								0,
								1,
								0,
								0.07894736842105263
							]
						},
						"useCollisionPoly": true,
						"duration": 1,
						"tag": ""
					},
					{
						"width": 19,
						"height": 76,
						"originX": 0.5,
						"originY": 0.5,
						"originalSource": "",
						"exportFormat": "lossless",
						"exportQuality": 0.8,
						"fileType": "image/png",
						"imageSpriteId": 4852440,
						"collisionPoly": {
							"points": [
								0.8421052631578947,
								0,
								1,
								0,
								1,
								0.9210526315789473,
								0,
								1,
								0,
								0.07894736842105263
							]
						},
						"useCollisionPoly": true,
						"duration": 1,
						"tag": ""
					}
				],
				"sid": 218068294239998,
				"name": "Animation 1",
				"isLooping": true,
				"isPingPong": false,
				"repeatCount": 1,
				"repeatTo": 0,
				"speed": 7
			}
		],
		"subfolders": []
	}
}