{
	"name": "Sprite30",
	"plugin-id": "Sprite",
	"sid": 403405102248964,
	"isGlobal": false,
	"instanceVariables": [],
	"behaviorTypes": [],
	"effectTypes": [],
	"animations": {
		"items": [
			{
				"frames": [
					{
						"width": 36,
						"height": 13,
						"originX": 0.5,
						"originY": 0.5,
						"originalSource": "",
						"exportFormat": "lossless",
						"exportQuality": 0.8,
						"fileType": "image/png",
						"imageSpriteId": 3051947,
						"useCollisionPoly": true,
						"duration": 1,
						"tag": ""
					},
					{
						"width": 36,
						"height": 13,
						"originX": 0.5,
						"originY": 0.5,
						"originalSource": "",
						"exportFormat": "lossless",
						"exportQuality": 0.8,
						"fileType": "image/png",
						"imageSpriteId": 449090,
						"useCollisionPoly": true,
						"duration": 1,
						"tag": ""
					},
					{
						"width": 36,
						"height": 13,
						"originX": 0.5,
						"originY": 0.5,
						"originalSource": "",
						"exportFormat": "lossless",
						"exportQuality": 0.8,
						"fileType": "image/png",
						"imageSpriteId": 3062251,
						"useCollisionPoly": true,
						"duration": 1,
						"tag": ""
					},
					{
						"width": 36,
						"height": 13,
						"originX": 0.5,
						"originY": 0.5,
						"originalSource": "",
						"exportFormat": "lossless",
						"exportQuality": 0.8,
						"fileType": "image/png",
						"imageSpriteId": 1758866,
						"useCollisionPoly": true,
						"duration": 1,
						"tag": ""
					}
				],
				"sid": 275721885934730,
				"name": "Animation 1",
				"isLooping": true,
				"isPingPong": false,
				"repeatCount": 1,
				"repeatTo": 0,
				"speed": 7
			}
		],
		"subfolders": []
	}
}