{
	"name": "Sprite23",
	"plugin-id": "Sprite",
	"sid": 903464741003228,
	"isGlobal": false,
	"instanceVariables": [],
	"behaviorTypes": [],
	"effectTypes": [],
	"animations": {
		"items": [
			{
				"frames": [
					{
						"width": 59,
						"height": 78,
						"originX": 0.5,
						"originY": 0.5,
						"originalSource": "",
						"exportFormat": "lossless",
						"exportQuality": 0.8,
						"fileType": "image/png",
						"imageSpriteId": 3993667,
						"collisionPoly": {
							"points": [
								0.0847457627118644,
								0.07692307692307693,
								0.8983050847457628,
								0.07692307692307693,
								0.8983050847457628,
								0.8974358974358975,
								0.0847457627118644,
								0.8974358974358975
							]
						},
						"useCollisionPoly": true,
						"duration": 1,
						"tag": ""
					}
				],
				"sid": 695409498268466,
				"name": "Animation 1",
				"isLooping": false,
				"isPingPong": false,
				"repeatCount": 1,
				"repeatTo": 0,
				"speed": 5
			}
		],
		"subfolders": []
	}
}