{
	"name": "Sprite",
	"plugin-id": "Sprite",
	"sid": 949373586909844,
	"isGlobal": false,
	"instanceVariables": [],
	"behaviorTypes": [],
	"effectTypes": [],
	"animations": {
		"items": [
			{
				"frames": [
					{
						"width": 31,
						"height": 61,
						"originX": 0.5,
						"originY": 0.5,
						"originalSource": "",
						"exportFormat": "lossless",
						"exportQuality": 0.8,
						"fileType": "image/png",
						"imageSpriteId": 1505474,
						"collisionPoly": {
							"points": [
								0.22580645161290322,
								0.06557377049180328,
								0.7741935483870968,
								0.06557377049180328,
								0.7741935483870968,
								0.8524590163934426,
								0.22580645161290322,
								0.8524590163934426
							]
						},
						"useCollisionPoly": true,
						"duration": 1,
						"tag": ""
					}
				],
				"sid": 978101291060908,
				"name": "Animation 1",
				"isLooping": false,
				"isPingPong": false,
				"repeatCount": 1,
				"repeatTo": 0,
				"speed": 5
			}
		],
		"subfolders": []
	}
}