{
	"name": "Sprite25",
	"plugin-id": "Sprite",
	"sid": 961091512911433,
	"isGlobal": false,
	"instanceVariables": [],
	"behaviorTypes": [],
	"effectTypes": [],
	"animations": {
		"items": [
			{
				"frames": [
					{
						"width": 19,
						"height": 48,
						"originX": 0.5,
						"originY": 0.5,
						"originalSource": "",
						"exportFormat": "lossless",
						"exportQuality": 0.8,
						"fileType": "image/png",
						"imageSpriteId": 3572530,
						"collisionPoly": {
							"points": [
								0.05263157894736842,
								0,
								0.9473684210526315,
								0,
								1,
								0.020833333333333332,
								1,
								0.9791666666666666,
								0.9473684210526315,
								1,
								0.05263157894736842,
								1,
								0,
								0.9791666666666666,
								0,
								0.020833333333333332
							]
						},
						"useCollisionPoly": true,
						"duration": 1,
						"tag": ""
					},
					{
						"width": 19,
						"height": 48,
						"originX": 0.5,
						"originY": 0.5,
						"originalSource": "",
						"exportFormat": "lossless",
						"exportQuality": 0.8,
						"fileType": "image/png",
						"imageSpriteId": 5138456,
						"collisionPoly": {
							"points": [
								0.05263157894736842,
								0,
								0.9473684210526315,
								0,
								1,
								0.020833333333333332,
								1,
								0.9791666666666666,
								0.9473684210526315,
								1,
								0.05263157894736842,
								1,
								0,
								0.9791666666666666,
								0,
								0.020833333333333332
							]
						},
						"useCollisionPoly": true,
						"duration": 1,
						"tag": ""
					},
					{
						"width": 19,
						"height": 48,
						"originX": 0.5,
						"originY": 0.5,
						"originalSource": "",
						"exportFormat": "lossless",
						"exportQuality": 0.8,
						"fileType": "image/png",
						"imageSpriteId": 7046696,
						"collisionPoly": {
							"points": [
								0.05263157894736842,
								0,
								0.9473684210526315,
								0,
								1,
								0.020833333333333332,
								1,
								0.9791666666666666,
								0.9473684210526315,
								1,
								0.05263157894736842,
								1,
								0,
								0.9791666666666666,
								0,
								0.020833333333333332
							]
						},
						"useCollisionPoly": true,
						"duration": 1,
						"tag": ""
					},
					{
						"width": 19,
						"height": 48,
						"originX": 0.5,
						"originY": 0.5,
						"originalSource": "",
						"exportFormat": "lossless",
						"exportQuality": 0.8,
						"fileType": "image/png",
						"imageSpriteId": 7509069,
						"collisionPoly": {
							"points": [
								0.05263157894736842,
								0,
								0.9473684210526315,
								0,
								1,
								0.020833333333333332,
								1,
								0.9791666666666666,
								0.9473684210526315,
								1,
								0.05263157894736842,
								1,
								0,
								0.9791666666666666,
								0,
								0.020833333333333332
							]
						},
						"useCollisionPoly": true,
						"duration": 1,
						"tag": ""
					},
					{
						"width": 19,
						"height": 48,
						"originX": 0.5,
						"originY": 0.5,
						"originalSource": "",
						"exportFormat": "lossless",
						"exportQuality": 0.8,
						"fileType": "image/png",
						"imageSpriteId": 9773058,
						"collisionPoly": {
							"points": [
								0.05263157894736842,
								0,
								0.9473684210526315,
								0,
								1,
								0.020833333333333332,
								1,
								0.9791666666666666,
								0.9473684210526315,
								1,
								0.05263157894736842,
								1,
								0,
								0.9791666666666666,
								0,
								0.020833333333333332
							]
						},
						"useCollisionPoly": true,
						"duration": 1,
						"tag": ""
					}
				],
				"sid": 800578428195574,
				"name": "Animation 1",
				"isLooping": false,
				"isPingPong": false,
				"repeatCount": 1,
				"repeatTo": 0,
				"speed": 7
			}
		],
		"subfolders": []
	}
}