{
	"name": "Sprite24",
	"plugin-id": "Sprite",
	"sid": 272312016503462,
	"isGlobal": false,
	"instanceVariables": [],
	"behaviorTypes": [],
	"effectTypes": [],
	"animations": {
		"items": [
			{
				"frames": [
					{
						"width": 60,
						"height": 77,
						"originX": 0.5,
						"originY": 0.5,
						"originalSource": "",
						"exportFormat": "lossless",
						"exportQuality": 0.8,
						"fileType": "image/png",
						"imageSpriteId": 5550638,
						"collisionPoly": {
							"points": [
								0.08333333333333333,
								0.07792207792207792,
								0.9,
								0.07792207792207792,
								0.9,
								0.9090909090909091,
								0.08333333333333333,
								0.9090909090909091
							]
						},
						"useCollisionPoly": true,
						"duration": 1,
						"tag": ""
					}
				],
				"sid": 521534904633261,
				"name": "Animation 1",
				"isLooping": false,
				"isPingPong": false,
				"repeatCount": 1,
				"repeatTo": 0,
				"speed": 5
			}
		],
		"subfolders": []
	}
}