{
	"name": "Sprite31",
	"plugin-id": "Sprite",
	"sid": 570767914439879,
	"isGlobal": false,
	"instanceVariables": [],
	"behaviorTypes": [],
	"effectTypes": [],
	"animations": {
		"items": [
			{
				"frames": [
					{
						"width": 96,
						"height": 10,
						"originX": 0.5,
						"originY": 0.5,
						"originalSource": "",
						"exportFormat": "lossless",
						"exportQuality": 0.8,
						"fileType": "image/png",
						"imageSpriteId": 1685756,
						"collisionPoly": {
							"points": [
								0.020833333333333332,
								0,
								1,
								0,
								1,
								1,
								0,
								1,
								0,
								0.2
							]
						},
						"useCollisionPoly": true,
						"duration": 1,
						"tag": ""
					},
					{
						"width": 96,
						"height": 10,
						"originX": 0.5,
						"originY": 0.5,
						"originalSource": "",
						"exportFormat": "lossless",
						"exportQuality": 0.8,
						"fileType": "image/png",
						"imageSpriteId": 5183344,
						"useCollisionPoly": true,
						"duration": 1,
						"tag": ""
					},
					{
						"width": 96,
						"height": 10,
						"originX": 0.5,
						"originY": 0.5,
						"originalSource": "",
						"exportFormat": "lossless",
						"exportQuality": 0.8,
						"fileType": "image/png",
						"imageSpriteId": 7078596,
						"collisionPoly": {
							"points": [
								0.020833333333333332,
								0,
								1,
								0,
								1,
								1,
								0,
								1,
								0,
								0.2
							]
						},
						"useCollisionPoly": true,
						"duration": 1,
						"tag": ""
					}
				],
				"sid": 184426887508886,
				"name": "Animation 1",
				"isLooping": true,
				"isPingPong": false,
				"repeatCount": 1,
				"repeatTo": 0,
				"speed": 2
			}
		],
		"subfolders": []
	}
}