{
	"name": "Sprite14",
	"plugin-id": "Sprite",
	"sid": 548718121838376,
	"isGlobal": false,
	"instanceVariables": [],
	"behaviorTypes": [],
	"effectTypes": [],
	"animations": {
		"items": [
			{
				"frames": [
					{
						"width": 51,
						"height": 77,
						"originX": 0.5,
						"originY": 0.5,
						"originalSource": "",
						"exportFormat": "lossless",
						"exportQuality": 0.8,
						"fileType": "image/png",
						"imageSpriteId": 3521514,
						"collisionPoly": {
							"points": [
								0.17647058823529413,
								0.07792207792207792,
								0.803921568627451,
								0.07792207792207792,
								0.803921568627451,
								0.922077922077922,
								0.17647058823529413,
								0.922077922077922
							]
						},
						"useCollisionPoly": true,
						"duration": 1,
						"tag": ""
					}
				],
				"sid": 625647845601086,
				"name": "Animation 1",
				"isLooping": false,
				"isPingPong": false,
				"repeatCount": 1,
				"repeatTo": 0,
				"speed": 5
			}
		],
		"subfolders": []
	}
}