{
	"name": "Sprite10",
	"plugin-id": "Sprite",
	"sid": 508646191101737,
	"isGlobal": false,
	"instanceVariables": [],
	"behaviorTypes": [],
	"effectTypes": [],
	"animations": {
		"items": [
			{
				"frames": [
					{
						"width": 48,
						"height": 65,
						"originX": 0.5,
						"originY": 0.5,
						"originalSource": "",
						"exportFormat": "lossless",
						"exportQuality": 0.8,
						"fileType": "image/png",
						"imageSpriteId": 2474242,
						"collisionPoly": {
							"points": [
								0.6458333333333334,
								0.03076923076923077,
								0.7291666666666666,
								0.03076923076923077,
								0.8541666666666666,
								0.7538461538461538,
								0.8541666666666666,
								0.8461538461538461,
								0.7291666666666666,
								0.9538461538461539,
								0.3125,
								0.9538461538461539,
								0.1875,
								0.8461538461538461,
								0.1875,
								0.7538461538461538
							]
						},
						"useCollisionPoly": true,
						"duration": 1,
						"tag": ""
					}
				],
				"sid": 290106568086498,
				"name": "Animation 1",
				"isLooping": false,
				"isPingPong": false,
				"repeatCount": 1,
				"repeatTo": 0,
				"speed": 5
			}
		],
		"subfolders": []
	}
}