{
	"name": "Sprite4",
	"plugin-id": "Sprite",
	"sid": 141724493158662,
	"isGlobal": false,
	"instanceVariables": [],
	"behaviorTypes": [
		{
			"behaviorId": "solid",
			"name": "Solid",
			"sid": 606504157583154
		}
	],
	"effectTypes": [],
	"animations": {
		"items": [
			{
				"frames": [
					{
						"width": 55,
						"height": 30,
						"originX": 0.5,
						"originY": 0.5,
						"originalSource": "",
						"exportFormat": "lossless",
						"exportQuality": 0.8,
						"fileType": "image/png",
						"imageSpriteId": 9096684,
						"collisionPoly": {
							"points": [
								0.07272727272727272,
								0.23333333333333334,
								0.9090909090909091,
								0.23333333333333334,
								0.9090909090909091,
								0.3,
								0.7818181818181819,
								0.7666666666666667,
								0.2,
								0.7666666666666667,
								0.07272727272727272,
								0.3
							]
						},
						"useCollisionPoly": true,
						"duration": 1,
						"tag": ""
					}
				],
				"sid": 971452516138998,
				"name": "Animation 1",
				"isLooping": false,
				"isPingPong": false,
				"repeatCount": 1,
				"repeatTo": 0,
				"speed": 5
			}
		],
		"subfolders": []
	}
}