[["Sprite",{"animations":"{\"expanded\":true,\"subfolders\":[]}"}],["Sprite2",{"animations":"{\"expanded\":true,\"subfolders\":[]}"}],["Sprite3",{"animations":"{\"expanded\":true,\"subfolders\":[]}"}],["Sprite4",{"animations":"{\"expanded\":true,\"subfolders\":[]}"}],["Sprite5",{"animations":"{\"expanded\":true,\"subfolders\":[]}"}],["Sprite6",{"animations":"{\"expanded\":true,\"subfolders\":[]}"}],["ladder",{"animations":"{\"expanded\":true,\"subfolders\":[]}"}],["Sprite8",{"animations":"{\"expanded\":true,\"subfolders\":[]}"}],["Sprite9",{"animations":"{\"expanded\":true,\"subfolders\":[]}"}],["Sprite10",{"animations":"{\"expanded\":true,\"subfolders\":[]}"}],["Sprite11",{"animations":"{\"expanded\":true,\"subfolders\":[]}"}],["Sprite12",{"animations":"{\"expanded\":true,\"subfolders\":[]}"}],["Sprite13",{"animations":"{\"expanded\":true,\"subfolders\":[]}"}],["Sprite14",{"animations":"{\"expanded\":true,\"subfolders\":[]}"}],["Sprite15",{"animations":"{\"expanded\":true,\"subfolders\":[]}"}],["Mainframe",{"animations":"{\"expanded\":true,\"subfolders\":[]}"}],["Sprite17",{"animations":"{\"expanded\":true,\"subfolders\":[]}"}],["Sprite18",{"animations":"{\"expanded\":true,\"subfolders\":[]}"}],["Sprite19",{"animations":"{\"expanded\":true,\"subfolders\":[]}"}],["Sprite20",{"animations":"{\"expanded\":true,\"subfolders\":[]}"}],["Sprite21",{"animations":"{\"expanded\":true,\"subfolders\":[]}"}],["Sprite22",{"animations":"{\"expanded\":true,\"subfolders\":[]}"}],["Sprite23",{"animations":"{\"expanded\":true,\"subfolders\":[]}"}],["Sprite24",{"animations":"{\"expanded\":true,\"subfolders\":[]}"}],["Sprite25",{"animations":"{\"expanded\":true,\"subfolders\":[]}"}],["Sprite26",{"animations":"{\"expanded\":true,\"subfolders\":[]}"}],["Sprite27",{"animations":"{\"expanded\":true,\"subfolders\":[]}"}],["Sprite28",{"animations":"{\"expanded\":true,\"subfolders\":[]}"}],["Sprite29",{"animations":"{\"expanded\":true,\"subfolders\":[]}"}],["Sprite30",{"animations":"{\"expanded\":true,\"subfolders\":[]}"}],["Sprite31",{"animations":"{\"expanded\":true,\"subfolders\":[]}"}],["Jack",{"animations":"{\"expanded\":true,\"subfolders\":[]}"}],["Drone",{"animations":"{\"expanded\":true,\"subfolders\":[]}"}],["bullet",{"animations":"{\"expanded\":true,\"subfolders\":[]}"}],["Heart",{"animations":"{\"expanded\":true,\"subfolders\":[]}"}],["Heart2",{"animations":"{\"expanded\":true,\"subfolders\":[]}"}],["Heart3",{"animations":"{\"expanded\":true,\"subfolders\":[]}"}],["Drone2",{"animations":"{\"expanded\":true,\"subfolders\":[]}"}],["bullet3",{"animations":"{\"expanded\":true,\"subfolders\":[]}"}],["Sprite16",{"animations":"{\"expanded\":true,\"subfolders\":[]}"}],["wall",{"animations":"{\"expanded\":true,\"subfolders\":[]}"}],["Sprite32",{"animations":"{\"expanded\":true,\"subfolders\":[]}"}],["Mainframe2",{"animations":"{\"expanded\":true,\"subfolders\":[]}"}],["Mainframe3",{"animations":"{\"expanded\":true,\"subfolders\":[]}"}],["Mainframe4",{"animations":"{\"expanded\":true,\"subfolders\":[]}"}],["Sprite7",{"animations":"{\"expanded\":true,\"subfolders\":[]}"}],["Sprite33",{"animations":"{\"expanded\":true,\"subfolders\":[]}"}],["Sprite34",{"animations":"{\"expanded\":true,\"subfolders\":[]}"}]]