{
	"name": "Sprite9",
	"plugin-id": "Sprite",
	"sid": 637297580628041,
	"isGlobal": false,
	"instanceVariables": [],
	"behaviorTypes": [],
	"effectTypes": [],
	"animations": {
		"items": [
			{
				"frames": [
					{
						"width": 42,
						"height": 42,
						"originX": 0.5,
						"originY": 0.5,
						"originalSource": "",
						"exportFormat": "lossless",
						"exportQuality": 0.8,
						"fileType": "image/png",
						"imageSpriteId": 5245369,
						"collisionPoly": {
							"points": [
								0.11904761904761904,
								0.11904761904761904,
								0.9047619047619048,
								0.14285714285714285,
								0.8809523809523809,
								0.9047619047619048,
								0.11904761904761904,
								0.8809523809523809
							]
						},
						"useCollisionPoly": true,
						"duration": 1,
						"tag": ""
					}
				],
				"sid": 135369621716755,
				"name": "Animation 1",
				"isLooping": false,
				"isPingPong": false,
				"repeatCount": 1,
				"repeatTo": 0,
				"speed": 5
			}
		],
		"subfolders": []
	}
}