{
	"name": "Sprite13",
	"plugin-id": "Sprite",
	"sid": 508706505356267,
	"isGlobal": false,
	"instanceVariables": [],
	"behaviorTypes": [],
	"effectTypes": [],
	"animations": {
		"items": [
			{
				"frames": [
					{
						"width": 47,
						"height": 76,
						"originX": 0.5,
						"originY": 0.5,
						"originalSource": "",
						"exportFormat": "lossless",
						"exportQuality": 0.8,
						"fileType": "image/png",
						"imageSpriteId": 5059277,
						"collisionPoly": {
							"points": [
								0.1702127659574468,
								0.06578947368421052,
								0.851063829787234,
								0.06578947368421052,
								0.851063829787234,
								0.9078947368421053,
								0.1702127659574468,
								0.9078947368421053
							]
						},
						"useCollisionPoly": true,
						"duration": 1,
						"tag": ""
					}
				],
				"sid": 650300089913790,
				"name": "Animation 1",
				"isLooping": false,
				"isPingPong": false,
				"repeatCount": 1,
				"repeatTo": 0,
				"speed": 5
			}
		],
		"subfolders": []
	}
}