{
	"name": "Sprite11",
	"plugin-id": "Sprite",
	"sid": 866273230958927,
	"isGlobal": false,
	"instanceVariables": [],
	"behaviorTypes": [],
	"effectTypes": [],
	"animations": {
		"items": [
			{
				"frames": [
					{
						"width": 57,
						"height": 40,
						"originX": 0.5,
						"originY": 0.5,
						"originalSource": "",
						"exportFormat": "lossless",
						"exportQuality": 0.8,
						"fileType": "image/png",
						"imageSpriteId": 7195692,
						"collisionPoly": {
							"points": [
								0.08771929824561403,
								0.075,
								0.9473684210526315,
								0.1,
								0.9298245614035088,
								0.9,
								0.08771929824561403,
								0.9
							]
						},
						"useCollisionPoly": true,
						"duration": 1,
						"tag": ""
					}
				],
				"sid": 651962891581691,
				"name": "Animation 1",
				"isLooping": false,
				"isPingPong": false,
				"repeatCount": 1,
				"repeatTo": 0,
				"speed": 5
			}
		],
		"subfolders": []
	}
}