{
	"name": "Mainframe2",
	"plugin-id": "Sprite",
	"sid": 774905748898750,
	"isGlobal": false,
	"instanceVariables": [],
	"behaviorTypes": [],
	"effectTypes": [],
	"animations": {
		"items": [
			{
				"frames": [
					{
						"width": 32,
						"height": 30,
						"originX": 0.5,
						"originY": 0.5,
						"originalSource": "",
						"exportFormat": "lossless",
						"exportQuality": 0.8,
						"fileType": "image/png",
						"imageSpriteId": 2096569,
						"collisionPoly": {
							"points": [
								0,
								0,
								1,
								0,
								1,
								0.6666666666666666,
								0.78125,
								1,
								0.25,
								1,
								0,
								0.6666666666666666
							]
						},
						"useCollisionPoly": true,
						"duration": 1,
						"tag": ""
					}
				],
				"sid": 532003082224974,
				"name": "Animation 1",
				"isLooping": false,
				"isPingPong": false,
				"repeatCount": 1,
				"repeatTo": 0,
				"speed": 5
			}
		],
		"subfolders": []
	}
}