{
	"name": "Sprite2",
	"plugin-id": "Sprite",
	"sid": 710042255266023,
	"isGlobal": false,
	"instanceVariables": [],
	"behaviorTypes": [],
	"effectTypes": [],
	"animations": {
		"items": [
			{
				"frames": [
					{
						"width": 63,
						"height": 69,
						"originX": 0.5,
						"originY": 0.5,
						"originalSource": "",
						"exportFormat": "lossless",
						"exportQuality": 0.8,
						"fileType": "image/png",
						"imageSpriteId": 3286751,
						"collisionPoly": {
							"points": [
								0.12698412698412698,
								0.014492753623188406,
								0.8888888888888888,
								0.028985507246376812,
								0.8888888888888888,
								0.9565217391304348,
								0.1111111111111111,
								0.9565217391304348
							]
						},
						"useCollisionPoly": true,
						"duration": 1,
						"tag": ""
					}
				],
				"sid": 238942668523279,
				"name": "Animation 1",
				"isLooping": false,
				"isPingPong": false,
				"repeatCount": 1,
				"repeatTo": 0,
				"speed": 5
			}
		],
		"subfolders": []
	}
}