{
	"name": "Sprite26",
	"plugin-id": "Sprite",
	"sid": 998167476163833,
	"isGlobal": false,
	"instanceVariables": [],
	"behaviorTypes": [],
	"effectTypes": [],
	"animations": {
		"items": [
			{
				"frames": [
					{
						"width": 23,
						"height": 46,
						"originX": 0.5,
						"originY": 0.5,
						"originalSource": "",
						"exportFormat": "lossless",
						"exportQuality": 0.8,
						"fileType": "image/png",
						"imageSpriteId": 8201090,
						"collisionPoly": {
							"points": [
								0.13043478260869565,
								0.08695652173913043,
								0.8260869565217391,
								0.08695652173913043,
								0.8260869565217391,
								0.8043478260869565,
								0.13043478260869565,
								0.8043478260869565,
								0.08695652173913043,
								0.782608695652174,
								0.08695652173913043,
								0.10869565217391304
							]
						},
						"useCollisionPoly": true,
						"duration": 1,
						"tag": ""
					}
				],
				"sid": 530789271851954,
				"name": "Animation 1",
				"isLooping": false,
				"isPingPong": false,
				"repeatCount": 1,
				"repeatTo": 0,
				"speed": 5
			}
		],
		"subfolders": []
	}
}