{
	"name": "ladder",
	"plugin-id": "Sprite",
	"sid": 447137840096546,
	"isGlobal": false,
	"instanceVariables": [],
	"behaviorTypes": [],
	"effectTypes": [],
	"animations": {
		"items": [
			{
				"frames": [
					{
						"width": 25,
						"height": 43,
						"originX": 0.5,
						"originY": 0.5,
						"originalSource": "",
						"exportFormat": "lossless",
						"exportQuality": 0.8,
						"fileType": "image/png",
						"imageSpriteId": 9832450,
						"collisionPoly": {
							"points": [
								0.2,
								0.09302325581395349,
								0.8,
								0.09302325581395349,
								0.84,
								0.11627906976744186,
								0.84,
								0.8604651162790697,
								0.2,
								0.8604651162790697
							]
						},
						"useCollisionPoly": true,
						"duration": 1,
						"tag": ""
					}
				],
				"sid": 388447832903958,
				"name": "Animation 1",
				"isLooping": false,
				"isPingPong": false,
				"repeatCount": 1,
				"repeatTo": 0,
				"speed": 5
			}
		],
		"subfolders": []
	}
}