{
	"name": "Sprite18",
	"plugin-id": "Sprite",
	"sid": 433151133285447,
	"isGlobal": false,
	"instanceVariables": [],
	"behaviorTypes": [],
	"effectTypes": [],
	"animations": {
		"items": [
			{
				"frames": [
					{
						"width": 27,
						"height": 78,
						"originX": 0.5,
						"originY": 0.5,
						"originalSource": "",
						"exportFormat": "lossless",
						"exportQuality": 0.8,
						"fileType": "image/png",
						"imageSpriteId": 8123320,
						"collisionPoly": {
							"points": [
								0,
								0,
								0.8888888888888888,
								0,
								1,
								0.038461538461538464,
								1,
								1,
								0.07407407407407407,
								1,
								0,
								0.9743589743589743
							]
						},
						"useCollisionPoly": true,
						"duration": 1,
						"tag": ""
					},
					{
						"width": 27,
						"height": 78,
						"originX": 0.5,
						"originY": 0.5,
						"originalSource": "",
						"exportFormat": "lossless",
						"exportQuality": 0.8,
						"fileType": "image/png",
						"imageSpriteId": 3230640,
						"collisionPoly": {
							"points": [
								0,
								0,
								0.8888888888888888,
								0,
								1,
								0.038461538461538464,
								1,
								1,
								0.07407407407407407,
								1,
								0,
								0.9743589743589743
							]
						},
						"useCollisionPoly": true,
						"duration": 1,
						"tag": ""
					},
					{
						"width": 27,
						"height": 78,
						"originX": 0.5,
						"originY": 0.5,
						"originalSource": "",
						"exportFormat": "lossless",
						"exportQuality": 0.8,
						"fileType": "image/png",
						"imageSpriteId": 5881222,
						"collisionPoly": {
							"points": [
								0,
								0,
								0.8888888888888888,
								0,
								1,
								0.038461538461538464,
								1,
								1,
								0.07407407407407407,
								1,
								0,
								0.9743589743589743
							]
						},
						"useCollisionPoly": true,
						"duration": 1,
						"tag": ""
					},
					{
						"width": 27,
						"height": 78,
						"originX": 0.5,
						"originY": 0.5,
						"originalSource": "",
						"exportFormat": "lossless",
						"exportQuality": 0.8,
						"fileType": "image/png",
						"imageSpriteId": 5848654,
						"collisionPoly": {
							"points": [
								0,
								0,
								0.8888888888888888,
								0,
								1,
								0.038461538461538464,
								1,
								1,
								0.07407407407407407,
								1,
								0,
								0.9743589743589743
							]
						},
						"useCollisionPoly": true,
						"duration": 1,
						"tag": ""
					}
				],
				"sid": 124324887002122,
				"name": "Animation 1",
				"isLooping": true,
				"isPingPong": false,
				"repeatCount": 1,
				"repeatTo": 0,
				"speed": 7
			}
		],
		"subfolders": []
	}
}