{
	"name": "Drone2",
	"plugin-id": "Sprite",
	"sid": 836201036480018,
	"isGlobal": false,
	"instanceVariables": [],
	"behaviorTypes": [
		{
			"behaviorId": "Turret",
			"name": "Turret",
			"sid": 286584378701851
		},
		{
			"behaviorId": "LOS",
			"name": "LineOfSight",
			"sid": 925537192564341
		}
	],
	"effectTypes": [],
	"animations": {
		"items": [
			{
				"frames": [
					{
						"width": 61,
						"height": 52,
						"originX": 0.5,
						"originY": 0.5,
						"originalSource": "",
						"exportFormat": "lossless",
						"exportQuality": 0.8,
						"fileType": "image/png",
						"imageSpriteId": 3269572,
						"collisionPoly": {
							"points": [
								0.6557377049180328,
								0.2692307692307692,
								0.7704918032786885,
								0.5384615384615384,
								0.7868852459016393,
								0.5961538461538461,
								0.7868852459016393,
								0.75,
								0.6885245901639344,
								1,
								0.6229508196721312,
								1,
								0.3278688524590164,
								0.8269230769230769,
								0.29508196721311475,
								0.7884615384615384,
								0.2622950819672131,
								0.7115384615384616,
								0.2295081967213115,
								0.46153846153846156,
								0.2295081967213115,
								0.40384615384615385,
								0.42622950819672134,
								0.07692307692307693,
								0.4918032786885246,
								0.07692307692307693
							]
						},
						"useCollisionPoly": true,
						"duration": 1,
						"tag": ""
					}
				],
				"sid": 934510021002735,
				"name": "Animation 2",
				"isLooping": false,
				"isPingPong": false,
				"repeatCount": 1,
				"repeatTo": 0,
				"speed": 5
			}
		],
		"subfolders": []
	}
}