{
	"name": "Sprite22",
	"plugin-id": "Sprite",
	"sid": 238840189789393,
	"isGlobal": false,
	"instanceVariables": [],
	"behaviorTypes": [],
	"effectTypes": [],
	"animations": {
		"items": [
			{
				"frames": [
					{
						"width": 68,
						"height": 35,
						"originX": 0.5,
						"originY": 0.5,
						"originalSource": "",
						"exportFormat": "lossless",
						"exportQuality": 0.8,
						"fileType": "image/png",
						"imageSpriteId": 5990195,
						"collisionPoly": {
							"points": [
								0.029411764705882353,
								0.08571428571428572,
								0.8823529411764706,
								0.08571428571428572,
								1,
								0.42857142857142855,
								1,
								0.5714285714285714,
								0.8088235294117647,
								1,
								0.08823529411764706,
								1,
								0,
								0.5714285714285714
							]
						},
						"useCollisionPoly": true,
						"duration": 1,
						"tag": ""
					}
				],
				"sid": 739669746665406,
				"name": "Animation 1",
				"isLooping": false,
				"isPingPong": false,
				"repeatCount": 1,
				"repeatTo": 0,
				"speed": 5
			}
		],
		"subfolders": []
	}
}