{
	"name": "Sprite28",
	"plugin-id": "Sprite",
	"sid": 831550655265748,
	"isGlobal": false,
	"instanceVariables": [],
	"behaviorTypes": [],
	"effectTypes": [],
	"animations": {
		"items": [
			{
				"frames": [
					{
						"width": 13,
						"height": 47,
						"originX": 0.5,
						"originY": 0.5,
						"originalSource": "",
						"exportFormat": "lossless",
						"exportQuality": 0.8,
						"fileType": "image/png",
						"imageSpriteId": 619038,
						"collisionPoly": {
							"points": [
								0.15384615384615385,
								0,
								0.8461538461538461,
								0,
								1,
								0.0425531914893617,
								1,
								0.9574468085106383,
								0.8461538461538461,
								1,
								0.15384615384615385,
								1,
								0,
								0.9574468085106383,
								0,
								0.0425531914893617
							]
						},
						"useCollisionPoly": true,
						"duration": 1,
						"tag": ""
					},
					{
						"width": 13,
						"height": 47,
						"originX": 0.5,
						"originY": 0.5,
						"originalSource": "",
						"exportFormat": "lossless",
						"exportQuality": 0.8,
						"fileType": "image/png",
						"imageSpriteId": 763288,
						"collisionPoly": {
							"points": [
								0.15384615384615385,
								0,
								0.8461538461538461,
								0,
								1,
								0.0425531914893617,
								1,
								0.9574468085106383,
								0.8461538461538461,
								1,
								0.15384615384615385,
								1,
								0,
								0.9574468085106383,
								0,
								0.0425531914893617
							]
						},
						"useCollisionPoly": true,
						"duration": 1,
						"tag": ""
					},
					{
						"width": 13,
						"height": 47,
						"originX": 0.5,
						"originY": 0.5,
						"originalSource": "",
						"exportFormat": "lossless",
						"exportQuality": 0.8,
						"fileType": "image/png",
						"imageSpriteId": 9428797,
						"collisionPoly": {
							"points": [
								0.15384615384615385,
								0,
								0.8461538461538461,
								0,
								1,
								0.0425531914893617,
								1,
								0.9574468085106383,
								0.8461538461538461,
								1,
								0.15384615384615385,
								1,
								0,
								0.9574468085106383,
								0,
								0.0425531914893617
							]
						},
						"useCollisionPoly": true,
						"duration": 1,
						"tag": ""
					},
					{
						"width": 13,
						"height": 47,
						"originX": 0.5,
						"originY": 0.5,
						"originalSource": "",
						"exportFormat": "lossless",
						"exportQuality": 0.8,
						"fileType": "image/png",
						"imageSpriteId": 7182164,
						"collisionPoly": {
							"points": [
								0.15384615384615385,
								0,
								0.8461538461538461,
								0,
								1,
								0.0425531914893617,
								1,
								0.9574468085106383,
								0.8461538461538461,
								1,
								0.15384615384615385,
								1,
								0,
								0.9574468085106383,
								0,
								0.0425531914893617
							]
						},
						"useCollisionPoly": true,
						"duration": 1,
						"tag": ""
					},
					{
						"width": 13,
						"height": 47,
						"originX": 0.5,
						"originY": 0.5,
						"originalSource": "",
						"exportFormat": "lossless",
						"exportQuality": 0.8,
						"fileType": "image/png",
						"imageSpriteId": 3514356,
						"collisionPoly": {
							"points": [
								0.15384615384615385,
								0,
								0.8461538461538461,
								0,
								1,
								0.0425531914893617,
								1,
								0.9574468085106383,
								0.8461538461538461,
								1,
								0.15384615384615385,
								1,
								0,
								0.9574468085106383,
								0,
								0.0425531914893617
							]
						},
						"useCollisionPoly": true,
						"duration": 1,
						"tag": ""
					}
				],
				"sid": 975886550774875,
				"name": "Animation 1",
				"isLooping": true,
				"isPingPong": false,
				"repeatCount": 1,
				"repeatTo": 0,
				"speed": 7
			}
		],
		"subfolders": []
	}
}