{"propertiesBar":{"properties":[{"name":"About","expanded":true,"children":[]},{"name":"Colors","expanded":true,"children":[]},{"name":"Startup","expanded":true,"children":[]},{"name":"Display","expanded":true,"children":[{"name":"Viewport size","expanded":false,"children":[]}]},{"name":"Advanced","expanded":false,"children":[]},{"name":"Compatibility settings","expanded":false,"children":[]},{"name":"Editor","expanded":true,"children":[]}],"scrollPosition":0},"openTabs":{"active":{"name":"Start","type":"layout"},"open":[{"name":"Start","type":"layout"},{"name":"Level 1","type":"layout"},{"name":"Level 2","type":"layout"},{"name":"Level 3","type":"layout"},{"name":"END","type":"layout"},{"name":"Level Event","type":"eventSheet"},{"name":"Instructions","type":"layout"},{"name":"Start Event","type":"eventSheet"},{"name":"Quiz 1","type":"layout"},{"name":"Quiz 2","type":"layout"},{"name":"Quiz 3","type":"layout"},{"name":"End Event","type":"eventSheet"}]},"previewEffects":true,"previewBrowser":"default","pauseOnUnfocus":false,"projectBar":{"name":"<root>","children":[{"name":"Firewall Frenzy","expanded":true,"children":[{"name":"Layouts","expanded":true,"children":[{"name":"Start","expanded":true,"children":[]},{"name":"Instructions","expanded":true,"children":[]},{"name":"Level 1","expanded":true,"children":[]},{"name":"Quiz 1","expanded":true,"children":[]},{"name":"Level 2","expanded":true,"children":[]},{"name":"Quiz 2","expanded":true,"children":[]},{"name":"Level 3","expanded":true,"children":[]},{"name":"Quiz 3","expanded":true,"children":[]},{"name":"END","expanded":true,"children":[]}]},{"name":"Event sheets","expanded":true,"children":[{"name":"End Event","expanded":true,"children":[]},{"name":"Level Event","expanded":true,"children":[]},{"name":"Quiz 1 Event","expanded":true,"children":[]},{"name":"Quiz 2 Event","expanded":true,"children":[]},{"name":"Quiz 3 Event","expanded":true,"children":[]},{"name":"Start Event","expanded":true,"children":[]}]},{"name":"Scripts","expanded":true,"children":[]},{"name":"Object types","expanded":true,"children":[{"name":"Building","expanded":true,"children":[{"name":"ladder","expanded":true,"children":[]},{"name":"Mainframe","expanded":true,"children":[]},{"name":"Mainframe2","expanded":true,"children":[]},{"name":"Mainframe3","expanded":true,"children":[]},{"name":"Mainframe4","expanded":true,"children":[]},{"name":"SF_Black","expanded":true,"children":[]},{"name":"SF_White","expanded":true,"children":[]},{"name":"Sprite","expanded":true,"children":[]},{"name":"Sprite10","expanded":true,"children":[]},{"name":"Sprite11","expanded":true,"children":[]},{"name":"Sprite12","expanded":true,"children":[]},{"name":"Sprite13","expanded":true,"children":[]},{"name":"Sprite14","expanded":true,"children":[]},{"name":"Sprite15","expanded":true,"children":[]},{"name":"Sprite16","expanded":true,"children":[]},{"name":"Sprite17","expanded":true,"children":[]},{"name":"Sprite18","expanded":true,"children":[]},{"name":"Sprite19","expanded":true,"children":[]},{"name":"Sprite2","expanded":true,"children":[]},{"name":"Sprite20","expanded":true,"children":[]},{"name":"Sprite21","expanded":true,"children":[]},{"name":"Sprite22","expanded":true,"children":[]},{"name":"Sprite23","expanded":true,"children":[]},{"name":"Sprite24","expanded":true,"children":[]},{"name":"Sprite25","expanded":true,"children":[]},{"name":"Sprite26","expanded":true,"children":[]},{"name":"Sprite27","expanded":true,"children":[]},{"name":"Sprite28","expanded":true,"children":[]},{"name":"Sprite29","expanded":true,"children":[]},{"name":"Sprite3","expanded":true,"children":[]},{"name":"Sprite30","expanded":true,"children":[]},{"name":"Sprite4","expanded":true,"children":[]},{"name":"Sprite5","expanded":true,"children":[]},{"name":"Sprite6","expanded":true,"children":[]},{"name":"Sprite8","expanded":true,"children":[]},{"name":"Sprite9","expanded":true,"children":[]}]},{"name":"CHARACTER","expanded":true,"children":[{"name":"bullet","expanded":true,"children":[]},{"name":"bullet3","expanded":true,"children":[]},{"name":"Drone","expanded":true,"children":[]},{"name":"Drone2","expanded":true,"children":[]},{"name":"Heart","expanded":true,"children":[]},{"name":"Heart2","expanded":true,"children":[]},{"name":"Heart3","expanded":true,"children":[]},{"name":"Jack","expanded":true,"children":[]}]},{"name":"quiz","expanded":true,"children":[{"name":"correct","expanded":true,"children":[]},{"name":"question","expanded":true,"children":[]},{"name":"timer","expanded":true,"children":[]},{"name":"wall","expanded":true,"children":[]},{"name":"wrong","expanded":true,"children":[]}]},{"name":"Audio","expanded":true,"children":[]},{"name":"Hack","expanded":true,"children":[]},{"name":"howToPlay","expanded":true,"children":[]},{"name":"Keyboard","expanded":true,"children":[]},{"name":"Mouse","expanded":true,"children":[]},{"name":"Sprite31","expanded":true,"children":[]},{"name":"Sprite32","expanded":true,"children":[]},{"name":"Sprite33","expanded":true,"children":[]},{"name":"Sprite34","expanded":true,"children":[]},{"name":"Sprite7","expanded":true,"children":[]},{"name":"Text","expanded":true,"children":[]},{"name":"Text2","expanded":true,"children":[]},{"name":"Text3","expanded":true,"children":[]},{"name":"TiledBackground","expanded":true,"children":[]}]},{"name":"Families","expanded":true,"children":[]},{"name":"Timelines","expanded":true,"children":[{"name":"Eases","expanded":true,"children":[]},{"name":"Timeline 1","expanded":true,"children":[]}]},{"name":"Flowcharts","expanded":true,"children":[]},{"name":"Sounds","expanded":true,"children":[{"name":"beam.webm","expanded":true,"children":[]},{"name":"cyber_runner.webm","expanded":true,"children":[]},{"name":"explosion.webm","expanded":true,"children":[]},{"name":"hurt.webm","expanded":true,"children":[]},{"name":"sci_fi_platformer02.webm","expanded":true,"children":[]},{"name":"videoplayback.webm","expanded":true,"children":[]}]},{"name":"Music","expanded":true,"children":[]},{"name":"Videos","expanded":true,"children":[]},{"name":"Fonts","expanded":true,"children":[]},{"name":"Icons & screenshots","expanded":true,"children":[{"name":"icon-128.png","expanded":true,"children":[]},{"name":"icon-16.png","expanded":true,"children":[]},{"name":"icon-256.png","expanded":true,"children":[]},{"name":"icon-32.png","expanded":true,"children":[]},{"name":"icon-512.png","expanded":true,"children":[]},{"name":"icon-64.png","expanded":true,"children":[]},{"name":"loading-logo.png","expanded":true,"children":[]}]},{"name":"Files","expanded":true,"children":[]}]}]},"propertiesBarActiveObject":{"name":"Start","type":"layout"}}